개방자치단체코드,관리번호,영업상태명,소재지면적,소재지우편번호,지번주소,도로명주소,사업장명,업태구분명,좌표정보(X),좌표정보(Y),,,,,,,,,,,,,,,
3010000,3010000-201-1949-00071,폐업,165,100800,서울특별시 중구 남대문로5가 14-5번지 ,,궁전여관,여관업,197682.586,450645.1197,,,,,,,,,,,,,,,
3010000,3010000-201-1960-00012,폐업,0,100420,서울특별시 중구 무학동 28-0번지 ,,동화,여인숙업,,,,,,,,,,,,,,,,,
3010000,3010000-201-1960-00023,폐업,0,100330,서울특별시 중구 주교동 111-0번지 ,,황평,여인숙업,,,,,,,,,,,,,,,,,
3010000,3010000-201-1960-00053,폐업,0,100193,서울특별시 중구 을지로3가 291-45번지 ,,을지장,여관업,,,,,,,,,,,,,,,,,
3010000,3010000-201-1960-00058,영업/정상,165,100340,서울특별시 중구 산림동 84-4번지 ,서울특별시 중구 창경궁로5가길 27-4 (산림동),화성여관,여관업,199652.8111,451759.4718,,,,,,,,,,,,,,,
3010000,3010000-201-1960-00061,영업/정상,75,100874,서울특별시 중구 회현동1가 185-2,서울특별시 중구 퇴계로8길 2-1 (회현동1가),명동 킹콩호텔(KingKong Hotel),여관업,198152.6713,450753.4848,,,,,,,,,,,,,,,
3010000,3010000-201-1960-00116,폐업,72.27,100825,서울특별시 중구 신당동 310-11번지 ,,보성여관,여관업,201153.4017,450815.2615,,,,,,,,,,,,,,,
3010000,3010000-201-1960-00140,폐업,45.08,100450,서울특별시 중구 신당동 95-8번지 ,,남양,여관업,,,,,,,,,,,,,,,,,
3010000,3010000-201-1960-00174,폐업,0,100022,서울특별시 중구 명동2가 94-1번지 ,,자현,여관업,,,,,,,,,,,,,,,,,
3010000,3010000-201-1960-00184,영업/정상,280.77,100051,서울특별시 중구 회현동1가 70-0번지 ,서울특별시 중구 퇴계로10길 20-3 (회현동1가),미도호텔,여관업,198214.7838,450689.3541,,,,,,,,,,,,,,,
3010000,3010000-201-1960-00214,폐업,4,170,100260,서울특별시 중구 남학동 13-2번지 ,4627,59:59.0,관광호텔,199161.1131,,,,,,,,,,,,,,,
3010000,3010000-201-1961-00152,폐업,464.76,100095,서울특별시 중구 남대문로5가 218-0번지 ,서울특별시 중구 세종대로2길 17 (남대문로5가),금강여관,여관업,197673.5162,450589.6846,,,,,,,,,,,,,,,
3010000,3010000-201-1962-00084,폐업,0,100051,서울특별시 중구 회현동1가 14-2번지 ,,동화여관,여관업,,,,,,,,,,,,,,,,,
3010000,3010000-201-1962-00227,폐업,0,100800,서울특별시 중구 남대문로5가 12-21번지 ,,홍성여관,여관업,197635.7207,450625.2573,,,,,,,,,,,,,,,
3010000,3010000-201-1963-00031,폐업,0,100095,서울특별시 중구 남대문로5가 12-15번지 ,,유성,여관업,,,,,,,,,,,,,,,,,
3010000,3010000-201-1963-00078,폐업,202.58,100051,서울특별시 중구 회현동1가 76-4,서울특별시 중구 퇴계로4길 52-19 (회현동1가),대도여관,여관업,198264.0566,450625.1697,,,,,,,,,,,,,,,
3010000,3010000-201-1963-00113,폐업,341.55,100051,서울특별시 중구 회현동1가 37-10번지 ,,신민장여관,여관업,,,,,,,,,,,,,,,,,
3010000,3010000-201-1963-00128,폐업,95.06,100051,서울특별시 중구 회현동1가 14-5번지 ,,남궁여관,여관업,,,,,,,,,,,,,,,,,
3010000,3010000-201-1963-00131,폐업,0,100060,서울특별시 중구 남창동 205-40번지 ,,천일장,여관업,,,,,,,,,,,,,,,,,
3010000,3010000-201-1963-00141,폐업,0,100102,서울특별시 중구 태평로2가 301-0번지 ,,동성,여관업,,,,,,,,,,,,,,,,,
3010000,3010000-201-1963-00176,폐업,485.94,100873,서울특별시 중구 회현동1가 74-1 ,서울특별시 중구 퇴계로10길 36 (회현동1가),뉴썬게스트하우스,여관업,198265.4113,450642.4898,,,,,,,,,,,,,,,
3010000,3010000-201-1963-00189,영업/정상,4,412,100011,서울특별시 중구 충무로1가 23-1번지 ,4536,59:59.0,198543.6447,451049.5806,,,,,,,,,,,,,,,
3010000,3010000-201-1963-00213,영업/정상,4,274.81,100845,서울특별시 중구 을지로2가 199-33번지 ,4534,59:59.0,198492.8019,451427.349,,,,,,,,,,,,,,,
3010000,3010000-201-1964-00024,폐업,0,100400,서울특별시 중구 쌍림동 219-0번지 ,,삼화,여인숙업,,,,,,,,,,,,,,,,,
3010000,3010000-201-1964-00054,폐업,0,100161,서울특별시 중구 봉래동1가 100-0번지 ,,남궁,여관업,,,,,,,,,,,,,,,,,
3010000,3010000-201-1964-00103,영업/정상,72.9,100869,서울특별시 중구 황학동 754-0번지 3통5반 ,,중앙여인숙,여인숙업,201540.8996,451623.1039,,,,,,,,,,,,,,,
3010000,3010000-201-1964-00153,폐업,466.6,100195,서울특별시 중구 을지로5가 19-13번지 ,서울특별시 중구 을지로 207-5 (을지로5가),그린장여관,여관업,200035.5553,451655.6115,,,,,,,,,,,,,,,
3010000,3010000-201-1965-00002,폐업,0,100290,서울특별시 중구 예관동 28-2번지 ,,수성,여인숙업,,,,,,,,,,,,,,,,,
3010000,3010000-201-1965-00007,폐업,0,100330,서울특별시 중구 주교동 89-0번지 ,,제일,여인숙업,,,,,,,,,,,,,,,,,
3010000,3010000-201-1965-00020,폐업,82.13,100440,서울특별시 중구 황학동 2368-0번지 ,,현인,여인숙업,,,,,,,,,,,,,,,,,
3010000,3010000-201-1965-00029,폐업,0,100196,서울특별시 중구 을지로6가 18-100번지 ,,알프스산장,여관업,,,,,,,,,,,,,,,,,
3010000,3010000-201-1965-00036,폐업,0,100330,서울특별시 중구 주교동 89-0번지 ,,제일,여인숙업,,,,,,,,,,,,,,,,,
3010000,3010000-201-1965-00069,폐업,0,100014,서울특별시 중구 충무로4가 145-0번지 ,,여로,여관업,,,,,,,,,,,,,,,,,
3010000,3010000-201-1965-00079,폐업,0,100412,서울특별시 중구 광희동2가 264-0번지 ,,광희장,여관업,,,,,,,,,,,,,,,,,
3010000,3010000-201-1965-00092,폐업,160.3,100873,서울특별시 중구 회현동1가 71-14번지 ,서울특별시 중구 퇴계로10길 24-6 (회현동1가),한일장,여관업,198220.1227,450668.3485,,,,,,,,,,,,,,,
3010000,3010000-201-1965-00094,폐업,0,100272,서울특별시 중구 필동2가 13-5번지 ,,풍전,여관업,,,,,,,,,,,,,,,,,
3010000,3010000-201-1965-00126,폐업,89.77,100360,서울특별시 중구 중림동 156-0번지 ,,혜성,여관업,,,,,,,,,,,,,,,,,
3010000,3010000-201-1965-00143,영업/정상,205,100041,서울특별시 중구 남산동1가 12-2,서울특별시 중구 퇴계로18길 30 (남산동1가),동도모텔,여관업,198597.2451,450804.502,,,,,,,,,,,,,,,
3010000,3010000-201-1965-00145,영업/정상,97.5,100-350,서울특별시 중구 입정동 167-0,서울특별시 중구 충무로 68-9 (입정동),옥천여관,여관업,199306.7514,451681.6645,,,,,,,,,,,,,,,
3010000,3010000-201-1965-00150,폐업,75.6,100450,서울특별시 중구 신당동 294-21번지 ,,서울,여관업,,,,,,,,,,,,,,,,,
3010000,3010000-201-1965-00151,영업/정상,218.97,100300,서울특별시 중구 초동 51-5번지 ,서울특별시 중구 마른내로2길 15-16 (초동),명보여관,여관업,199263.2013,451237.7971,,,,,,,,,,,,,,,
3010000,3010000-201-1965-00152,폐업,59.5,100888,서울특별시 중구 신당동 233-37번지 ,서울특별시 중구 다산로39길 77 (신당동),오지원여관,여관업,200958.9591,451360.268,,,,,,,,,,,,,,,
3010000,3010000-201-1966-00003,폐업,0,100015,서울특별시 중구 충무로5가 20-8번지 ,,서중,여인숙업,,,,,,,,,,,,,,,,,
3010000,3010000-201-1966-00011,폐업,0,100412,서울특별시 중구 광희동2가 171-0번지 ,,천복,여인숙업,,,,,,,,,,,,,,,,,
3010000,3010000-201-1966-00016,폐업,0,100440,서울특별시 중구 황학동 767-0번지 ,,순정,여인숙업,,,,,,,,,,,,,,,,,
3010000,3010000-201-1966-00022,폐업,0,100411,서울특별시 중구 광희동1가 64-2번지 ,,만인,여인숙업,,,,,,,,,,,,,,,,,
3010000,3010000-201-1966-00073,폐업,77.7,100260,서울특별시 중구 남학동 17-1 ,서울특별시 중구 퇴계로28길 12 (남학동),스타호스텔(star hostel),여관업,199159.7201,450914.943,,,,,,,,,,,,,,,
3010000,3010000-201-1966-00074,폐업,225.76,100873,서울특별시 중구 회현동1가 71-10번지 ,서울특별시 중구 퇴계로10길 24-3 (회현동1가),이화장여관,여관업,198232.7562,450671.6004,,,,,,,,,,,,,,,
3010000,3010000-201-1966-00083,영업/정상,309.74,100834,서울특별시 중구 신당동 374-10번지 ,서울특별시 중구 다산로 131 (신당동),프린스,여관업,200885.2988,450378.9843,,,,,,,,,,,,,,,
3010000,3010000-201-1966-00090,폐업,0,100161,서울특별시 중구 봉래동1가 132-10번지 ,,제일,여관업,,,,,,,,,,,,,,,,,
3010000,3010000-201-1966-00091,폐업,150,100330,서울특별시 중구 주교동 135-5번지 ,,현대여관,여관업,199729.8512,451802.5461,,,,,,,,,,,,,,,
3010000,3010000-201-1966-00101,폐업,76.64,100450,서울특별시 중구 신당동 107-1번지 ,,중앙,여관업,,,,,,,,,,,,,,,,,
3010000,3010000-201-1966-00105,폐업,576.89,100196,서울특별시 중구 을지로6가 28-0번지 ,,을칠여관,여관업,,,,,,,,,,,,,,,,,
3010000,3010000-201-1966-00115,폐업,0,100052,서울특별시 중구 회현동2가 10-13번지 ,,용안,여관업,,,,,,,,,,,,,,,,,
3010000,3010000-201-1966-00122,폐업,398.97,100053,서울특별시 중구 회현동3가 9-4번지 ,,양지여관,여관업,,,,,,,,,,,,,,,,,
3010000,3010000-201-1966-00146,영업/정상,138.6,100197,서울특별시 중구 을지로7가 18-9번지 ,서울특별시 중구 퇴계로 343-12 (을지로7가),백금여관,여관업,200817.2579,451412.5276,,,,,,,,,,,,,,,
3010000,3010000-201-1966-00218,영업/정상,3,146,100053,서울특별시 중구 회현동3가 10번지 ,4631,59:59.0,198491.235,450895.8551,,,,,,,,,,,,,,,
3010000,3010000-201-1966-00222,영업/정상,265.2,100260,서울특별시 중구 남학동 14-1 1~3층,서울특별시 중구 퇴계로28길 6-3 (남학동,4627,05:00.0,199153.0651,450932.4883,,,,,,,,,,,,,,,
3010000,3010000-201-1966-00223,폐업,184.8,100400,서울특별시 중구 쌍림동 182-51번지 ,서울특별시 중구 장충단로7길 24-9 (쌍림동),이학여관,여관업,200380.01,451176.6938,,,,,,,,,,,,,,,
3010000,3010000-201-1967-00015,폐업,49.11,100102,서울특별시 중구 태평로2가 312-0번지 ,,유성,여인숙업,,,,,,,,,,,,,,,,,
3010000,3010000-201-1967-00018,폐업,0,100052,서울특별시 중구 회현동2가 10-3번지 ,,은하,여인숙업,,,,,,,,,,,,,,,,,
3010000,3010000-201-1967-00025,폐업,0,100014,서울특별시 중구 충무로4가 133-31번지 ,,극동,여인숙업,,,,,,,,,,,,,,,,,
3010000,3010000-201-1967-00040,폐업,0,100052,서울특별시 중구 회현동2가 10-3번지 ,,신도,여인숙업,,,,,,,,,,,,,,,,,
3010000,3010000-201-1967-00044,폐업,0,100272,서울특별시 중구 필동2가 13-7번지 ,,윤미,여관업,,,,,,,,,,,,,,,,,
3010000,3010000-201-1967-00064,영업/정상,80.59,100440,서울특별시 중구 황학동 1214-0번지 ,서울특별시 중구 마장로14길 2 (황학동),인득여관,여관업,201803.0656,451745.1131,,,,,,,,,,,,,,,
3010000,3010000-201-1967-00072,폐업,46.18,100080,서울특별시 중구 북창동 78-0번지 ,,북일,여관업,,,,,,,,,,,,,,,,,
3010000,3010000-201-1967-00089,폐업,404.17,100051,서울특별시 중구 회현동1가 194-29 ,서울특별시 중구 퇴계로6길 3-4 (회현동1가),일진장모텔,여관업,198026.9965,450638.651,,,,,,,,,,,,,,,
3010000,3010000-201-1967-00093,폐업,0,100310,서울특별시 중구 오장동 206-7번지 ,,장미장,여관업,,,,,,,,,,,,,,,,,
3010000,3010000-201-1967-00102,폐업,0,100411,서울특별시 중구 광희동1가 153-0번지 ,,왕도여관,여관업,,,,,,,,,,,,,,,,,
3010000,3010000-201-1967-00135,폐업,178.62,100330,서울특별시 중구 주교동 281-0번지 ,,금수장,여관업,,,,,,,,,,,,,,,,,
3010000,3010000-201-1967-00149,폐업,61.92,100450,서울특별시 중구 신당동 308-5번지 ,,신양여관,여관업,,,,,,,,,,,,,,,,,
3010000,3010000-201-1967-00154,폐업,421.56,100230,서울특별시 중구 수표동 88-3번지 ,,그랜드여관,여관업,,,,,,,,,,,,,,,,,
3010000,3010000-201-1967-00180,폐업,0,100120,서울특별시 중구 정동 16-1번지 ,,하남,여관업,,,,,,,,,,,,,,,,,
3010000,3010000-201-1967-00228,폐업,0,100195,서울특별시 중구 을지로5가 102-1번지 ,,목화장여관,여관업,,,,,,,,,,,,,,,,,
3010000,3010000-201-1968-00001,폐업,0,100051,서울특별시 중구 회현동1가 95-0번지 ,,강남,여인숙업,,,,,,,,,,,,,,,,,
3010000,3010000-201-1968-00010,폐업,60.68,100340,서울특별시 중구 산림동 120-0번지 ,,세운,여인숙업,,,,,,,,,,,,,,,,,
3010000,3010000-201-1968-00030,폐업,194.39,100151,서울특별시 중구 충정로1가 74-0번지 ,,가빈장,여관업,,,,,,,,,,,,,,,,,
3010000,3010000-201-1968-00066,폐업,363.49,100411,서울특별시 중구 광희동1가 160-0 ,서울특별시 중구 을지로44길 24-15 (광희동1가),대양장여관,여관업,200462.0295,451422.2211,,,,,,,,,,,,,,,
3010000,3010000-201-1968-00070,폐업,0,100400,서울특별시 중구 쌍림동 248-1번지 ,,삼성,여관업,,,,,,,,,,,,,,,,,
3010000,3010000-201-1968-00106,영업/정상,93.06,100873,서울특별시 중구 회현동1가 127-2번지 ,서울특별시 중구 퇴계로12길 45-1 (회현동1가),동원여관,여관업,198314.2907,450598.2972,,,,,,,,,,,,,,,
3010000,3010000-201-1968-00108,영업/정상,164.33,100043,서울특별시 중구 남산동3가 17번지 ,서울특별시 중구 퇴계로24길 12 (남산동3가),명동게스트하우스 꼬모,여관업,198800.1267,450904.6829,,,,,,,,,,,,,,,
3010000,3010000-201-1968-00117,폐업,83.53,100450,서울특별시 중구 신당동 294-36번지 ,,유성장여관,여관업,,,,,,,,,,,,,,,,,
3010000,3010000-201-1968-00118,폐업,0,100051,서울특별시 중구 회현동1가 86-1번지 ,,성지여관,여관업,,,,,,,,,,,,,,,,,
3010000,3010000-201-1968-00133,폐업,49.53,100450,서울특별시 중구 신당동 291-50번지 ,,삼원,여관업,,,,,,,,,,,,,,,,,
3010000,3010000-201-1968-00139,폐업,0,100450,서울특별시 중구 신당동 349-110번지 ,,쌍성,여관업,,,,,,,,,,,,,,,,,
3010000,3010000-201-1968-00148,폐업,57.6,100450,서울특별시 중구 신당동 386-17 ,서울특별시 중구 동호로12길 115-1 (신당동),미선여관,여관업,201034.4256,450892.4214,,,,,,,,,,,,,,,
3010000,3010000-201-1968-00168,폐업,104.91,100272,서울특별시 중구 필동2가 18-12번지 ,서울특별시 중구 퇴계로 210-27 (필동2가),대한장 모텔,여관업,199500.6029,450946.4759,,,,,,,,,,,,,,,
3010000,3010000-201-1968-00220,영업/정상,7,691,100012,서울특별시 중구 충무로2가 61-3 ,4537,40:00.0,198866.3649,451021.051,,,,,,,,,,,,,,,
3010000,3010000-201-1969-00014,폐업,119.09,100095,서울특별시 중구 남대문로5가 219-0번지 ,,대웅,여인숙업,,여인숙업,,,,,,,,,,,,,,,
3010000,3010000-201-1969-00017,폐업,0,100197,서울특별시 중구 을지로7가 87-0번지 ,,명덕,여인숙업,,여인숙업,,,,,,,,,,,,,,,
3010000,3010000-201-1969-00037,폐업,82.6,100130,서울특별시 중구 순화동 37-1번지 ,,진일,여인숙업,,여인숙업,,,,,,,,,,,,,,,
3010000,3010000-201-1969-00039,폐업,39.35,100450,서울특별시 중구 신당동 296-2번지 ,,삼보,여인숙업,,여인숙업,,,,,,,,,,,,,,,
3010000,3010000-201-1969-00052,폐업,0,100197,서울특별시 중구 을지로7가 101-0번지 ,,온천장,여관업,,여관업,,,,,,,,,,,,,,,
3010000,3010000-201-1969-00142,폐업,330,100846,서울특별시 중구 을지로3가 322-5번지 ,,꿈에그린,여관업,451482.6276,여관업,,,,,,,,,,,,,,,
3010000,3010000-201-1969-00157,폐업,141.94,100420,서울특별시 중구 무학동 29-0번지 ,서울특별시 중구 퇴계로76길 33 (무학동),올리브여관,여관업,451268.8637,여관업,,,,,,,,,,,,,,,
3010000,3010000-201-1969-00208,영업/정상,1,36,100101,서울특별시 중구 태평로1가 29-1번지 ,4520,59:59.0,198000.9672,451745.0255,,,,,,,,,,,,,,,
3010000,3010000-201-1969-00216,영업/정상,4,762.61,100042,서울특별시 중구 남산동2가 1-1번지 ,4629,59:59.0,198717.8245,450932.9648,,,,,,,,,,,,,,,
3010000,3010000-201-1970-00034,폐업,0,100194,서울특별시 중구 을지로4가 245-6번지 ,,풍전,여인숙업,,,,,,,,,,,,,,,,,
3010000,3010000-201-1970-00085,영업/정상,513.46,100861,서울특별시 중구 충무로2가 51-10,서울특별시 중구 수표로 3-8 (충무로2가),KW호스텔 명동,여관업,199045.5718,451036.1792,,,,,,,,,,,,,,,
3010000,3010000-201-1970-00132,영업/정상,93,100450,서울특별시 중구 신당동 281-34번지 ,서울특별시 중구 다산로42나길 53-1 (신당동),S(에스)모텔,여관업,201481.7732,451082.3126,,,,,,,,,,,,,,,
3010000,3010000-201-1970-00137,폐업,0,100330,서울특별시 중구 주교동 96-1번지 ,,코리아,여관업,,,,,,,,,,,,,,,,,
3010000,3010000-201-1970-00169,영업/정상,162.63,100869,서울특별시 중구 황학동 714번지 ,서울특별시 중구 퇴계로 439-4 (황학동),마이더스여관,여관업,201766.3545,451514.1944,,,,,,,,,,,,,,,
3010000,3010000-201-1970-00170,폐업,0,100052,서울특별시 중구 회현동2가 10-14번지 ,,오리온장,여관업,,,,,,,,,,,,,,,,,
3010000,3010000-201-1970-00188,영업/정상,2,478,100070,서울특별시 중구 소공동 87 ,4533,40:00.0,198172.1511,451350.9692,,,,,,,,,,,,,,,
3010000,3010000-201-1970-00198,폐업,0,100052,서울특별시 중구 회현동2가 72-8번지 ,,남산파크호텔,여관업,,,,,,,,,,,,,,,,,
3010000,3010000-201-1970-00203,영업/정상,11,53,100282,서울특별시 중구 인현동2가 73-1 외2 ,외2),U,199550.5063,451392.2197,N,,,,,,,,,,,,,,
3010000,3010000-201-1970-00219,영업/정상,2,450.55,100873,서울특별시 중구 회현동1가 65번지 ,4632,59:59.0,198249.7588,450711.483,,,,,,,,,,,,,,,
3010000,3010000-201-1970-00226,영업/정상,92,100819,서울특별시 중구 신당동 121-21 ,서울특별시 중구 퇴계로80길 13-9 (신당동),은성여관,여관업,201557.6538,451387.552,,,,,,,,,,,,,,,
3010000,3010000-201-1971-00009,폐업,0,100095,서울특별시 중구 남대문로5가 737-0번지 ,,월성,여인숙업,,,,,,,,,,,,,,,,,
3010000,3010000-201-1971-00021,폐업,0,100310,서울특별시 중구 오장동 206-34번지 ,,개성,여인숙업,,,,,,,,,,,,,,,,,
3010000,3010000-201-1971-00043,폐업,66.02,100300,서울특별시 중구 초동 49-8번지 ,,대창,여인숙업,,,,,,,,,,,,,,,,,
3010000,3010000-201-1971-00065,폐업,313.76,100095,서울특별시 중구 남대문로5가 716-0번지 ,,남산,여관업,,,,,,,,,,,,,,,,,
3010000,3010000-201-1971-00076,폐업,273.68,100845,서울특별시 중구 을지로2가 148-29번지 56 ,,대일여관,여관업,,,,,,,,,,,,,,,,,
3010000,3010000-201-1971-00077,영업/정상,377.53,100873,서울특별시 중구 회현동1가 89-2,서울특별시 중구 퇴계로10길 20-8,4634,04:00.0,198189.5766,450677.4401,,,,,,,,,,,,,,,
3010000,3010000-201-1971-00081,폐업,246.33,100051,서울특별시 중구 회현동1가 184-0번지 ,서울특별시 중구 퇴계로8길 10 (회현동1가),러브,여관업,198149.8377,450736.4725,,,,,,,,,,,,,,,
3010000,3010000-201-1971-00123,폐업,0,100180,서울특별시 중구 다동 155-0번지 ,,대림여관,여관업,,,,,,,,,,,,,,,,,
3010000,3010000-201-1971-00147,폐업,72,100450,서울특별시 중구 신당동 390-11번지 ,,태성,여관업,,,,,,,,,,,,,,,,,
3010000,3010000-201-1971-00171,폐업,239,100196,서울특별시 중구 을지로6가 18-111번지 ,,신도장,여관업,,,,,,,,,,,,,,,,,
3010000,3010000-201-1971-00175,영업/정상,271.44,100-450,서울특별시 중구 신당동 366-125,서울특별시 중구 다산로 58 (신당동),세포장모텔,여관업,200615.9462,449705.529,,,,,,,,,,,,,,,
3010000,3010000-201-1971-00223,폐업,0,100420,서울특별시 중구 무학동 59-2번지 ,,우일,여관업,,,,,,,,,,,,,,,,,
3010000,3010000-201-1972-00013,폐업,0,100095,서울특별시 중구 남대문로5가 684-0번지 ,,제일,여인숙업,,,,,,,,,,,,,,,,,
3010000,3010000-201-1972-00111,폐업,150.93,100060,서울특별시 중구 남창동 205-125번지 ,,하동장,여관업,,,,,,,,,,,,,,,,,
3010000,3010000-201-1972-00158,폐업,286.3,100080,서울특별시 중구 북창동 93-43번지 ,,신신,여관업,,,,,,,,,,,,,,,,,
3010000,3010000-201-1972-00172,폐업,0,100051,서울특별시 중구 회현동1가 196-4번지 ,,평화,여관업,,,,,,,,,,,,,,,,,
3010000,3010000-201-1972-00204,영업/정상,11,271,100101,서울특별시 중구 태평로1가 61-1 ,4519,40:00.0,197870.4224,451786.4126,,,,,,,,,,,,,,,
3010000,3010000-201-1973-00004,폐업,44.25,100360,서울특별시 중구 중림동 62-0번지 ,,천일,여인숙업,,,,,,,,,,,,,,,,,
3010000,3010000-201-1973-00006,폐업,0,100180,서울특별시 중구 다동 32-1번지 ,,상춘,여인숙업,,,,,,,,,,,,,,,,,
3010000,3010000-201-1973-00008,폐업,54.29,100130,서울특별시 중구 순화동 34-1번지 ,,동양,여인숙업,,,,,,,,,,,,,,,,,
3010000,3010000-201-1973-00027,폐업,103.7,100450,서울특별시 중구 신당동 251-113번지 ,,동명,여관업,,,,,,,,,,,,,,,,,
3010000,3010000-201-1973-00032,폐업,0,100013,서울특별시 중구 충무로3가 51-8번지 ,,미니,여관업,,,,,,,,,,,,,,,,,
3010000,3010000-201-1973-00042,폐업,52.04,100411,서울특별시 중구 광희동1가 182-20번지 ,,양지,여인숙업,,,,,,,,,,,,,,,,,
3010000,3010000-201-1973-00045,폐업,79.83,100260,서울특별시 중구 남학동 24-1번지 9통1반 ,,뉴산장여관,여관업,199088.6491,450917.4546,,,,,,,,,,,,,,,
3010000,3010000-201-1973-00095,폐업,100.99,100826,서울특별시 중구 신당동 340-8번지 ,,청구여관,여관업,201019.0182,450559.5444,,,,,,,,,,,,,,,
3010000,3010000-201-1973-00104,폐업,58.43,100411,서울특별시 중구 광희동1가 84-0번지 ,,승리,여관업,,,,,,,,,,,,,,,,,
3010000,3010000-201-1973-00112,폐업,146.28,100392,서울특별시 중구 장충동2가 189-25번지 ,,초원,여관업,,,,,,,,,,,,,,,,,
3010000,3010000-201-1973-00159,폐업,200.09,100041,서울특별시 중구 남산동1가 6-3번지 ,,동신장,여관업,,,,,,,,,,,,,,,,,
3010000,3010000-201-1973-00160,영업/정상,577,100051,서울특별시 중구 회현동1가 133-1번지 ,서울특별시 중구 소공로3길 42 (회현동1가),힐하우스 호텔,일반호텔,198336.7335,450504.1042,,,,,,,,,,,,,,,
3010000,3010000-201-1973-00165,폐업,465.41,100041,서울특별시 중구 남산동1가 16-2 ,서울특별시 중구 소공로6길 13-8 (남산동1가),명동7호텔,여관업,198516.0741,450736.3608,,,,,,,,,,,,,,,
3010000,3010000-201-1973-00166,영업/정상,151.84,100273,서울특별시 중구 필동3가 5-1번지 5층 ,서울특별시 중구 서애로 22-1 (필동3가,4624,59:59.0,199681.3973,450929.4385,,,,,,,,,,,,,,,
3010000,3010000-201-1973-00178,영업/정상,198.55,100411,서울특별시 중구 광희동1가 155-0번지 ,서울특별시 중구 을지로44길 24-4 (광희동1가),에비뉴모텔,여관업,200480.794,451428.2995,,,,,,,,,,,,,,,
3010000,3010000-201-1973-00206,영업/정상,10,571,100191,서울특별시 중구 을지로1가 188-3번지 ,4533,59:59.0,198113.3707,451483.3,,,,,,,,,,,,,,,
3010000,3010000-201-1973-00224,영업/정상,103.08,100808,서울특별시 중구 만리동1가 53-16번지 ,서울특별시 중구 만리재로35길 46-14 (만리동1가),호수모텔,여관업,197087.4804,450515.2054,,,,,,,,,,,,,,,
3010000,3010000-201-1974-00035,폐업,0,100051,서울특별시 중구 회현동1가 178-0번지 ,,부원,여인숙업,,,,,,,,,,,,,,,,,
3010000,3010000-201-1974-00038,폐업,62.25,100195,서울특별시 중구 을지로5가 125-0번지 ,,명성,여인숙업,,,,,,,,,,,,,,,,,
3010000,3010000-201-1974-00082,폐업,168.17,100196,서울특별시 중구 을지로6가 18-106번지 ,,명신,여관업,,,,,,,,,,,,,,,,,
3010000,3010000-201-1974-00096,폐업,283.89,100300,서울특별시 중구 초동 19-10번지 ,서울특별시 중구 충무로5길 3 (초동),은성여관,여관업,199261.5169,451418.4403,,,,,,,,,,,,,,,
3010000,3010000-201-1974-00120,폐업,140.2,100210,서울특별시 중구 수하동 27-1번지 ,,중림여관,여관업,,,,,,,,,,,,,,,,,
3010000,3010000-201-1974-00127,폐업,59.42,100193,서울특별시 중구 을지로3가 225-1번지 ,,덕성여관,여관업,,,,,,,,,,,,,,,,,
3010000,3010000-201-1974-00130,폐업,166.15,100193,서울특별시 중구 을지로3가 322-4번지 ,,쌍용장여관,여관업,,,,,,,,,,,,,,,,,
3010000,3010000-201-1974-00162,영업/정상,294.4,100-330,서울특별시 중구 주교동 106-2,서울특별시 중구 을지로27길 31-2 (주교동),트래블러스 A 코리아 호스텔,여관업,199833.6667,451787.6268,,,,,,,,,,,,,,,
3010000,3010000-201-1974-00217,영업/정상,1,224,100195,서울특별시 중구 을지로5가 133-1번지 ,4561,59:59.0,200225.9831,451511.2628,,,,,,,,,,,,,,,
3010000,3010000-201-1974-00225,영업/정상,195.22,100300,서울특별시 중구 초동 52-1번지 ,서울특별시 중구 마른내로2길 15-10 (초동),럭키장여관,여관업,199254.839,451254.7186,,,,,,,,,,,,,,,
3010000,3010000-201-1975-00138,영업/정상,164.33,100080,서울특별시 중구 북창동 65-1번지 ,서울특별시 중구 세종대로14길 22-2 (북창동),대우모텔,여관업,197976.8515,451162.428,,,,,,,,,,,,,,,
3010000,3010000-201-1975-00209,영업/정상,3,776,100042,서울특별시 중구 남산동2가 31-1번지 ,4631,59:59.0,198644.069,450827.8618,,,,,,,,,,,,,,,
3010000,3010000-201-1976-00028,폐업,0,100192,서울특별시 중구 을지로2가 28-2번지 ,,부산장,여관업,,,,,,,,,,,,,,,,,
3010000,3010000-201-1976-00049,영업/정상,324.9,100360,서울특별시 중구 중림동 334-2번지 ,서울특별시 중구 만리재로35길 46-3 (중림동),대영장여관,여관업,197102.7608,450548.2043,,,,,,,,,,,,,,,
3010000,3010000-201-1976-00055,폐업,0,100051,서울특별시 중구 회현동1가 29-2번지 ,,장춘여관,여관업,,,,,,,,,,,,,,,,,
3010000,3010000-201-1976-00068,폐업,0,100022,서울특별시 중구 명동2가 4-2번지 ,,동해온천장여관,여관업,,,,,,,,,,,,,,,,,
3010000,3010000-201-1976-00086,폐업,0,100194,서울특별시 중구 을지로4가 310-1번지 ,,신성,여관업,,,,,,,,,,,,,,,,,
3010000,3010000-201-1976-00098,영업/정상,196.94,100870,서울특별시 중구 황학동 840번지 ,서울특별시 중구 마장로18길 38 (황학동),대림,여관업,201959.4958,451546.2653,,,,,,,,,,,,,,,
3010000,3010000-201-1976-00109,폐업,262.32,100869,서울특별시 중구 황학동 371-10번지 ,,송림여관,여관업,201579.8335,451568.9962,,,,,,,,,,,,,,,
3010000,3010000-201-1976-00119,폐업,0,100340,서울특별시 중구 산림동 25-0번지 ,,대림,여관업,,,,,,,,,,,,,,,,,
3010000,3010000-201-1976-00177,폐업,0,100411,서울특별시 중구 광희동1가 130-0번지 ,,유성장,여관업,,,,,,,,,,,,,,,,,
3010000,3010000-201-1976-00196,영업/정상,274.96,100440,서울특별시 중구 황학동 2504-0 ,서울특별시 중구 난계로11길 13 (황학동),크리스티,여관업,201933.9887,451520.3697,,,,,,,,,,,,,,,
3010000,3010000-201-1976-00207,영업/정상,14,97,100864,서울특별시 중구 태평로2가 23 ,4525,40:00.0,197979.0212,451376.7834,,,,,,,,,,,,,,,
3010000,3010000-201-1977-00100,폐업,297,100360,서울특별시 중구 중림동 130-0번지 ,,해동,여관업,,,,,,,,,,,,,,,,,
3010000,3010000-201-1977-00144,폐업,0,100412,서울특별시 중구 광희동2가 42-0번지 ,,금성장여관,여관업,,,,,,,,,,,,,,,,,
3010000,3010000-201-1977-00164,폐업,0,100196,서울특별시 중구 을지로6가 18-51번지 ,,을림장,여관업,,,,,,,,,,,,,,,,,
3010000,3010000-201-1977-00215,폐업,8814,100-101,서울특별시 중구 태평로1가 29-2,서울특별시 중구 세종대로22길 12 (태평로1가),뉴국제호텔,관광호텔,197973.5009,451752.1308,,,,,,,,,,,,,,,
3010000,3010000-201-1978-00005,폐업,0,100031,서울특별시 중구 저동1가 7-3번지 ,,명동,여인숙업,,,,,,,,,,,,,,,,,
3010000,3010000-201-1978-00041,폐업,62.01,100032,서울특별시 중구 저동2가 46-20번지 ,,보성,여인숙업,,,,,,,,,,,,,,,,,
3010000,3010000-201-1978-00046,폐업,343.37,100196,서울특별시 중구 을지로6가 18-44번지 ,,화성,여관업,,,,,,,,,,,,,,,,,
3010000,3010000-201-1978-00195,폐업,359.2,100282,서울특별시 중구 인현동2가 181-5번지 ,,우신,여관업,,,,,,,,,,,,,,,,,
3010000,3010000-201-1979-00099,폐업,0,100281,서울특별시 중구 인현동1가 133-3번지 ,,동원,여관업,,,,,,,,,,,,,,,,,
3010000,3010000-201-1979-00124,영업/정상,111.84,100151,서울특별시 중구 충정로1가 57-0번지 ,서울특별시 중구 새문안로 28-1 (충정로1가),모텔 비,여관업,197185.1249,451712.2603,,,,,,,,,,,,,,,
3010000,3010000-201-1980-00019,폐업,80.38,100310,서울특별시 중구 오장동 69-23번지 ,,대원장,여인숙업,,,,,,,,,,,,,,,,,
3010000,3010000-201-1980-00026,폐업,127.28,100440,서울특별시 중구 황학동 366-0번지 ,,금수장,여인숙업,,,,,,,,,,,,,,,,,
3010000,3010000-201-1980-00063,폐업,107.29,100300,서울특별시 중구 초동 37-1번지 ,,스카라,여관업,,,,,,,,,,,,,,,,,
3010000,3010000-201-1981-00057,영업/정상,352.77,100411,서울특별시 중구 광희동1가 187-2 ,서울특별시 중구 을지로44길 23 (광희동1가),필스테이 동대문,여관업,200511.77,451411.7254,,,,,,,,,,,,,,,
3010000,3010000-201-1981-00125,영업/정상,161.76,100095,서울특별시 중구 남대문로5가 217-0번지 ,서울특별시 중구 세종대로2길 11 (남대문로5가),삼정여관,여관업,197650.5365,450594.258,,,,,,,,,,,,,,,
3010000,3010000-201-1981-00179,영업/정상,769.26,100014,서울특별시 중구 충무로4가 155-2번지 ,서울특별시 중구 퇴계로37길 22 (충무로4가),CF,여관업,199374.9445,451101.6226,,,,,,,,,,,,,,,
3010000,3010000-201-1981-00199,영업/정상,370.96,100196,서울특별시 중구 을지로6가 18-41번지 ,서울특별시 중구 을지로41길 8 (을지로6가),허브모텔,여관업,200486.7969,451608.3303,,,,,,,,,,,,,,,
3010000,3010000-201-1982-00047,폐업,82.5,100180,서울특별시 중구 다동 123-1번지 ,,광평,여관업,,,,,,,,,,,,,,,,,
3010000,3010000-201-1982-00051,폐업,342.75,100013,서울특별시 중구 충무로3가 30-14번지 ,,하마장,여관업,,,,,,,,,,,,,,,,,
3010000,3010000-201-1982-00075,폐업,310,100340,서울특별시 중구 산림동 293-1번지 ,,석화,여관업,,,,,,,,,,,,,,,,,
3010000,3010000-201-1982-00088,폐업,0,100420,서울특별시 중구 무학동 33-0번지 ,,동화,여관업,,,,,,,,,,,,,,,,,
3010000,3010000-201-1982-00182,폐업,498.24,100440,서울특별시 중구 황학동 1591-3번지 ,,호해,여관업,,,,,,,,,,,,,,,,,
3010000,3010000-201-1982-00197,폐업,448.77,100411,서울특별시 중구 광희동1가 8-1번지 ,,광희장,여관업,,,,,,,,,,,,,,,,,
3010000,3010000-201-1982-00201,영업/정상,295,100871,서울특별시 중구 황학동 2513,서울특별시 중구 퇴계로 449-17 (황학동),크리스티2,여관업,201914.0679,451528.8264,,,,,,,,,,,,,,,
3010000,3010000-201-1983-00062,영업/정상,240.36,100080,서울특별시 중구 북창동 94-8번지 ,서울특별시 중구 남대문로1길 26-11 (북창동),(주)디자이너스컴퍼니,여관업,197984.7399,451118.486,,,,,,,,,,,,,,,
3010000,3010000-201-1983-00097,폐업,136.83,100440,서울특별시 중구 황학동 123-0번지 ,,한도,여관업,,,,,,,,,,,,,,,,,
3010000,3010000-201-1983-00110,폐업,117.22,100360,서울특별시 중구 중림동 77-1 ,서울특별시 중구 청파로 435-10 (중림동),덕원장여관,여관업,197163.3939,450703.2845,,,,,,,,,,,,,,,
3010000,3010000-201-1983-00183,폐업,0,100835,서울특별시 중구 신당동 432-2241번지 ,,백조장,여관업,200566.0023,449646.6396,,,,,,,,,,,,,,,
3010000,3010000-201-1983-00185,영업/정상,13,559.88,100392,서울특별시 중구 장충동2가 186-54 ,4618,40:00.0,200141.9985,450922.2668,,,,,,,,,,,,,,,
3010000,3010000-201-1983-00192,폐업,0,100852,서울특별시 중구 입정동 97-1번지 ,,청계여관,일반호텔,199357.4807,451681.5143,,,,,,,,,,,,,,,
3010000,3010000-201-1983-00194,영업/정상,611.37,100450,서울특별시 중구 신당동 381-8번지 ,서울특별시 중구 동호로 196 (신당동),J모텔,여관업,200846.8378,450376.3221,,,,,,,,,,,,,,,
3010000,3010000-201-1983-00200,폐업,611.1,100197,서울특별시 중구 을지로7가 112-1번지 ,,귀빈장여관,여관업,,,,,,,,,,,,,,,,,
3010000,3010000-201-1983-00202,폐업,24530,100-802,서울특별시 중구 남대문로5가 395,서울특별시 중구 소월로 50 (남대문로5가),밀레니엄 힐튼 서울,관광호텔,197762.5015,450337.5806,,,,,,,,,,,,,,,
3010000,3010000-201-1983-00205,영업/정상,7,975.29,100857,서울특별시 중구 장충동2가 산 5-5번지 ,4605,59:59.0,200193.2324,449809.7447,,,,,,,,,,,,,,,
3010000,3010000-201-1984-00059,폐업,0,100196,서울특별시 중구 을지로6가 18-73번지 ,,스카이모텔,여관업,,,,,,,,,,,,,,,,,
3010000,3010000-201-1984-00210,영업/정상,4,250,100021,서울특별시 중구 명동1가 6-0번지 ,4538,59:59.0,198662.0732,451337.2063,,,,,,,,,,,,,,,
3010000,3010000-201-1984-00212,폐업,0,100196,서울특별시 중구 을지로6가 18-21번지 ,,대화,여관업,,,,,,,,,,,,,,,,,
3010000,3010000-201-1986-00067,영업/정상,157.37,100411,서울특별시 중구 광희동1가 134-0번지 ,서울특별시 중구 을지로42길 7 (광희동1가),구미장여관,여관업,200450.1943,451505.023,,,,,,,,,,,,,,,
3010000,3010000-201-1986-00129,폐업,114.96,100450,서울특별시 중구 신당동 292-146번지 ,,남양장,여관업,,,,,,,,,,,,,,,,,
3010000,3010000-201-1986-00173,폐업,80.7,100450,서울특별시 중구 신당동 120-5번지 ,,풍진장,여관업,,,,,,,,,,,,,,,,,
3010000,3010000-201-1986-00181,폐업,0,100430,서울특별시 중구 흥인동 110-0번지 ,,로얄장,여관업,,,,,,,,,,,,,,,,,
3010000,3010000-201-1987-00107,영업/정상,246.9,100440,서울특별시 중구 황학동 2526-0번지 ,서울특별시 중구 난계로11길 33 (황학동),동문장여관,여관업,201862.5288,451586.6035,,,,,,,,,,,,,,,
3010000,3010000-201-1987-00151,영업/정상,330,100-012,서울특별시 중구 충무로2가 50-6,서울특별시 중구 삼일대로4길 9 (충무로2가),명동 타임 호스텔(Myeong Dong Time Hostel),여관업,199023.9675,451105.4746,,,,,,,,,,,,,,,
3010000,3010000-201-1987-00161,폐업,0,100392,서울특별시 중구 장충동2가 7-1번지 ,,뉴파크모텔,여관업,,,,,,,,,,,,,,,,,
3010000,3010000-201-1987-00163,폐업,498.4,100411,서울특별시 중구 광희동1가 182-30번지 ,,육가가든,여관업,,,,,,,,,,,,,,,,,
3010000,3010000-201-1987-00193,폐업,1,978,100873,서울특별시 중구 회현동1가 92-6번지 ,4634,59:59.0,일반호텔,198164.2584,,,,,,,,,,,,,,,
3010000,3010000-201-1987-00211,폐업,0,100450,서울특별시 중구 신당동 775-0번지 ,,신서울,관광호텔,,,,,,,,,,,,,,,,,
3010000,3010000-201-1988-00134,영업/정상,888,100880,서울특별시 중구 흥인동 108 ,서울특별시 중구 다산로 259 (흥인동),플러스호텔,여관업,201335.157,451538.2558,,,,,,,,,,,,,,,
3010000,3010000-201-1988-00155,폐업,599.64,100440,서울특별시 중구 황학동 823-0 ,서울특별시 중구 마장로18길 30 (황학동),리오모텔,여관업,201962.6437,451588.1113,,,,,,,,,,,,,,,
3010000,3010000-201-1988-00187,영업/정상,48165,100-070,서울특별시 중구 소공동 1,서울특별시 중구 을지로 30 (소공동),(주)호텔롯데,관광호텔,198259.6536,451392.1982,,,,,,,,,,,,,,,
3010000,3010000-201-1988-00190,폐업,0,100450,서울특별시 중구 신당동 366-144번지 ,,킹덤,관광호텔,,,,,,,,,,,,,,,,,
3010000,3010000-201-1989-00048,영업/정상,915.24,100846,서울특별시 중구 을지로3가 335-2 ,서울특별시 중구 충무로5길 22 (을지로3가),미오디자인레지던스(MMMIO),여관업,199190.8739,451467.8974,,,,,,,,,,,,,,,
3010000,3010000-201-1989-00167,폐업,327.25,100260,서울특별시 중구 남학동 16-1번지 ,,새아리랑,여관업,,,,,,,,,,,,,,,,,
3010000,3010000-201-1989-00191,폐업,0,100411,서울특별시 중구 광희동1가 72-7번지 ,,리오,관광호텔,,,,,,,,,,,,,,,,,
3010000,3010000-201-1990-00136,영업/정상,432.32,100873,서울특별시 중구 회현동1가 130-1,서울특별시 중구 퇴계로12길 51 (회현동1가),호텔 경동,여관업,198315.5945,450545.564,,,,,,,,,,,,,,,
3010000,3010000-201-1991-00087,폐업,95.87,100015,서울특별시 중구 충무로5가 22-2 ,서울특별시 중구 마른내로12길 17-23 (충무로5가),제원장여관,여관업,200058.7252,451293.053,,,,,,,,,,,,,,,
3010000,3010000-201-1993-00056,폐업,407.23,100440,서울특별시 중구 황학동 2509-0번지 ,,대우장여관,여관업,,,,,,,,,,,,,,,,,
3010000,3010000-201-1994-00080,폐업,430.75,100872,서울특별시 중구 회현동1가 33-4번지 ,,금주장여관,여관업,,,,,,,,,,,,,,,,,
3010000,3010000-201-1995-00060,폐업,391.8,100095,서울특별시 중구 남대문로5가 222-0번지 ,,귀빈장,여관업,,,,,,,,,,,,,,,,,
3010000,3010000-201-1997-00034,영업/정상,30,100823,서울특별시 중구 신당동 241-124번지 2,3층 ,2,2017-11-29 9:13,201205.3501,451273.6619,0,N,,,,,,,,,,,,,
3010000,3010000-201-1998-00050,영업/정상,396,100863,서울특별시 중구 충무로4가 22,서울특별시 중구 충무로2길 27 (충무로4가),충무모텔,여관업,199463.5348,451139.1606,,,,,,,,,,,,,,,
3010000,3010000-201-1998-00121,폐업,125.09,100043,서울특별시 중구 남산동3가 13-31번지 ,,남산여관,여관업,,,,,,,,,,,,,,,,,
3010000,3010000-201-1999-00221,영업/정상,591.68,100411,서울특별시 중구 광희동1가 263-2번지 ,서울특별시 중구 마른내로 150 (광희동1가),신아모텔,여관업,200330.9741,451373.1594,,,,,,,,,,,,,,,
3010000,3010000-201-1999-00229,영업/정상,114.31,100806,서울특별시 중구 남창동 232-2번지 ,,공진여인숙,여인숙업,197862.6532,450519.2664,,,,,,,,,,,,,,,
3010000,3010000-201-1999-00230,폐업,495,100819,서울특별시 중구 신당동 120-5,서울특별시 중구 퇴계로 420 (신당동),드라마모텔,여관업,201541.2338,451456.2961,,,,,,,,,,,,,,,
3010000,3010000-201-1999-00231,영업/정상,337.79,100884,서울특별시 중구 신당동 308-5 ,서울특별시 중구 다산로27길 6-10 (신당동),야코리아 게스트하우스,여관업,201086.9288,450833.8818,,,,,,,,,,,,,,,
3010000,3010000-201-1999-00232,폐업,165,100876,서울특별시 중구 회현동2가 10-13번지 ,,청운장여관,여관업,,,,,,,,,,,,,,,,,
3010000,3010000-201-1999-00233,폐업,0,100846,서울특별시 중구 을지로3가 345-2번지 ,,을지모텔,여관업,,,,,,,,,,,,,,,,,
3010000,3010000-201-2000-00230,폐업,0,100450,서울특별시 중구 신당동 152-3번지 ,,남양여관,여관업,,,,,,,,,,,,,,,,,
3010000,3010000-201-2000-00231,영업/정상,297.39,100869,서울특별시 중구 황학동 375-0번지 ,서울특별시 중구 퇴계로83길 22-16 (황학동),은성장여관,여관업,201640.033,451578.0159,,,,,,,,,,,,,,,
3010000,3010000-201-2000-00232,영업/정상,800,100-851,서울특별시 중구 을지로6가 18-51,서울특별시 중구 을지로41길 22 (을지로6가),호텔 스테이인(HOTEL STAY IN),일반호텔,200492.7022,451643.8659,,,,,,,,,,,,,,,
3010000,3010000-201-2000-00233,폐업,262,100032,서울특별시 중구 저동2가 8-4 ,서울특별시 중구 수표로 48-18 (저동2가),귀빈장여관,여관업,199106.0859,451458.8942,,,,,,,,,,,,,,,
3010000,3010000-201-2000-00234,폐업,0,100051,서울특별시 중구 회현동1가 86-1번지 ,,성지여관,여관업,,,,,,,,,,,,,,,,,
3010000,3010000-201-2000-00235,폐업,538.35,100051,서울특별시 중구 회현동1가 29-2번지 ,,장춘여관,여관업,,,,,,,,,,,,,,,,,
3010000,3010000-201-2000-00236,폐업,105.78,100080,서울특별시 중구 북창동 18-1번지 ,,굳모닝모텔,여관업,,,,,,,,,,,,,,,,,
3010000,3010000-201-2000-00237,폐업,237.6,100-819,서울특별시 중구 신당동 101-3,서울특별시 중구 퇴계로78길 16 (신당동),영빈장여관,여관업,201402.719,451371.9259,,,,,,,,,,,,,,,
3010000,3010000-201-2000-00238,폐업,0,100873,서울특별시 중구 회현동1가 86-1번지 ,,성지,여관업,198175.6153,450640.367,,,,,,,,,,,,,,,
3010000,3010000-201-2000-00239,폐업,0,100800,서울특별시 중구 남대문로5가 17-8번지 ,,안전장여관,여관업,197687.2689,450686.4446,,,,,,,,,,,,,,,
3010000,3010000-201-2000-00240,영업/정상,312.04,100806,서울특별시 중구 남창동 205-125 ,서울특별시 중구 퇴계로2길 15-3 (남창동),머스트스테이 호텔,여관업,197954.0911,450515.8298,,,,,,,,,,,,,,,
3010000,3010000-201-2000-00241,영업/정상,151.8,100824,서울특별시 중구 신당동 292-127번지 ,서울특별시 중구 다산로 215 (신당동),청구 리빙텔,여인숙업,201242.6814,451132.9831,,,,,,,,,,,,,,,
3010000,3010000-201-2000-00242,영업/정상,281,100847,서울특별시 중구 을지로3가 291-45번지 ,서울특별시 중구 충무로 54-3 (을지로3가),트립스테이 명동,여관업,199321.5604,451526.9013,,,,,,,,,,,,,,,
3010000,3010000-201-2000-00243,영업/정상,206.05,100855,서울특별시 중구 장충동2가 69번지 ,서울특별시 중구 퇴계로56가길 7 (장충동2가),신도여관,여관업,200388.0396,451045.3006,,,,,,,,,,,,,,,
3010000,3010000-201-2000-00244,영업/정상,40,100855,서울특별시 중구 장충동2가 38-1번지 ,서울특별시 중구 동호로30길 33 (장충동2가),웰빙텔,여관업,200360.9717,450990.2077,,,,,,,,,,,,,,,
3010000,3010000-201-2000-00245,폐업,247,100080,서울특별시 중구 북창동 134-1번지 ,,로즈텔,여관업,197960.9876,451009.7108,,,,,,,,,,,,,,,
3010000,3010000-201-2000-00246,폐업,155,100855,서울특별시 중구 장충동2가 19번지 ,,용궁장여관,여관업,,,,,,,,,,,,,,,,,
3010000,3010000-201-2001-00001,폐업,310.28,100340,서울특별시 중구 산림동 293-1번지 ,,석화장여관,여관업,199489.2402,451626.1467,,,,,,,,,,,,,,,
3010000,3010000-201-2001-00002,폐업,0,100819,서울특별시 중구 신당동 121-21번지 ,,은성여관,여관업,201557.6538,451387.552,,,,,,,,,,,,,,,
3010000,3010000-201-2001-00003,영업/정상,186.01,100411,서울특별시 중구 광희동1가 153번지 ,서울특별시 중구 을지로44길 24-6 (광희동1가),왕도여관,여관업,200468.6485,451445.1593,,,,,,,,,,,,,,,
3010000,3010000-201-2001-00004,영업/정상,245.95,100420,서울특별시 중구 무학동 59-2번지 ,서울특별시 중구 퇴계로74길 25 (무학동),탑모텔,여관업,201219.1739,451303.6999,,,,,,,,,,,,,,,
3010000,3010000-201-2001-00005,폐업,443.24,100849,서울특별시 중구 을지로4가 310-2번지 ,서울특별시 중구 을지로22길 11 (을지로4가),꿈의궁전여관,여관업,199603.4321,451509.6976,,,,,,,,,,,,,,,
3010000,3010000-201-2001-00006,영업/정상,60,100411,서울특별시 중구 광희동1가 112-3번지 ,서울특별시 중구 을지로40길 21-38 (광희동1가),정온여관,여관업,200418.3015,451456.4775,,,,,,,,,,,,,,,
3010000,3010000-201-2001-00007,폐업,0,100873,서울특별시 중구 회현동1가 72-1번지 ,,우양장여관,여관업,198243.8762,450663.7063,,,,,,,,,,,,,,,
3010000,3010000-201-2001-00008,영업/정상,253,100411,서울특별시 중구 광희동1가 1-4번지 ,서울특별시 중구 동호로34길 15 (광희동1가),화신여관,여관업,200237.2853,451450.6863,,,,,,,,,,,,,,,
3010000,3010000-201-2001-00009,영업/정상,212.66,100806,서울특별시 중구 남창동 168-5번지 ,서울특별시 중구 퇴계로4길 9 (남창동),황금장여관,여관업,197965.5102,450592.5219,,,,,,,,,,,,,,,
3010000,3010000-201-2001-00010,폐업,0,100196,서울특별시 중구 을지로6가 21-32번지 ,,백림여관,여관업,,,,,,,,,,,,,,,,,
3010000,3010000-201-2001-00011,폐업,236.56,100800,서울특별시 중구 남대문로5가 17-7 ,서울특별시 중구 세종대로2나길 19 (남대문로5가),동산모텔,여관업,197686.145,450676.1738,,,,,,,,,,,,,,,
3010000,3010000-201-2001-00012,영업/정상,100,100858,서울특별시 중구 중림동 66번지 ,서울특별시 중구 청파로 441-1 (중림동),우리텔,여인숙업,197173.8601,450729.0691,,,,,,,,,,,,,,,
3010000,3010000-201-2001-00013,영업/정상,854.49,100855,서울특별시 중구 장충동2가 7-1번지 ,서울특별시 중구 퇴계로56길 51 (장충동2가),CF 모텔,여관업,200435.424,451035.4662,,,,,,,,,,,,,,,
3010000,3010000-201-2001-00014,폐업,0,100015,서울특별시 중구 충무로5가 9-4번지 ,,대림여관,여관업,200053.3591,451212.0806,,,,,,,,,,,,,,,
3010000,3010000-201-2001-00015,폐업,498.4,100411,서울특별시 중구 광희동1가 182-30 ,서울특별시 중구 을지로44길 17-7 (광희동1가),킹모텔,여관업,200540.4913,451440.6143,,,,,,,,,,,,,,,
3010000,3010000-201-2001-00016,영업/정상,151.8,100800,서울특별시 중구 남대문로5가 63-4번지 ,서울특별시 중구 통일로 22-10 (남대문로5가),테마모텔,여관업,197506.0139,450627.9684,,,,,,,,,,,,,,,
3010000,3010000-201-2001-00017,폐업,0,100340,서울특별시 중구 산림동 76-2번지 ,,상원여관,여관업,199673.0568,451752.147,,,,,,,,,,,,,,,
3010000,3010000-201-2001-00018,폐업,124.37,100874,서울특별시 중구 회현동1가 168번지 ,서울특별시 중구 퇴계로4길 26 (회현동1가),남산여관,여관업,198052.7963,450576.2767,,,,,,,,,,,,,,,
3010000,3010000-201-2001-00019,영업/정상,297.52,100873,서울특별시 중구 회현동1가 86-1 1,2층,1,2022-12-27 16:12,198175.6153,450640.367,,,,,,,,,,,,,,,
3010000,3010000-201-2002-00001,폐업,0,100093,서울특별시 중구 남대문로3가 91-1번지 ,,테마파크모텔,여관업,,,,,,,,,,,,,,,,,
3010000,3010000-201-2002-00002,영업/정상,204.78,100-855,서울특별시 중구 장충동2가 74,서울특별시 중구 퇴계로56가길 2 (장충동2가),조이 게스트하우스,여관업,200414.4051,451048.4423,,,,,,,,,,,,,,,
3010000,3010000-201-2002-00003,폐업,770.2,100876,서울특별시 중구 회현동2가 9-9번지 ,,미림여관,여관업,,,,,,,,,,,,,,,,,
3010000,3010000-201-2002-00004,폐업,0,100868,서울특별시 중구 황학동 242번지 ,,대성여인숙,여인숙업,201570.7,451649.7804,,,,,,,,,,,,,,,
3010000,3010000-201-2002-00005,영업/정상,233.15,100864,서울특별시 중구 태평로2가 58-5번지 ,서울특별시 중구 세종대로16길 3 (태평로2가),알프스모텔,여관업,197918.925,451249.1641,,,,,,,,,,,,,,,
3010000,3010000-201-2002-00007,영업/정상,51.15,100823,서울특별시 중구 신당동 239-46번지 ,서울특별시 중구 다산로35길 29-3 (신당동),성도여관,여관업,201168.1344,451300.2419,,,,,,,,,,,,,,,
3010000,3010000-201-2002-00008,폐업,43.96,100869,서울특별시 중구 황학동 371-38번지 ,서울특별시 중구 퇴계로83길 12-16 (황학동),신라여관,여관업,201596.0808,451564.7778,,,,,,,,,,,,,,,
3010000,3010000-201-2002-00009,폐업,409.2,100230,서울특별시 중구 수표동 67-25번지 ,,태화여관,여관업,,,,,,,,,,,,,,,,,
3010000,3010000-201-2002-00010,폐업,0,100197,서울특별시 중구 을지로7가 126-1번지 ,,서림장여관,여관업,,,,,,,,,,,,,,,,,
3010000,3010000-201-2002-00011,폐업,138.84,100806,서울특별시 중구 남창동 205-101번지 ,,둥지여관,여관업,197948.1166,450538.1234,,,,,,,,,,,,,,,
3010000,3010000-201-2002-00012,폐업,99.88,100852,서울특별시 중구 입정동 113 ,,대신여관,여관업,199334.8202,451713.1682,,,,,,,,,,,,,,,
3010000,3010000-201-2002-00013,폐업,0,100880,서울특별시 중구 흥인동 110번지 ,,투스타,여관업,201335.5064,451517.0075,,,,,,,,,,,,,,,
3010000,3010000-201-2002-00014,영업/정상,1,168,100873,서울특별시 중구 회현동1가 86-3,4634,09:00.0,198144.2145,450651.6878,,,,,,,,,,,,,,,
3010000,3010000-201-2002-00015,영업/정상,63.25,100272,서울특별시 중구 필동2가 18-14,서울특별시 중구 퇴계로 210-47 (필동2가),한일장모텔,여관업,199494.0926,450932.4931,,,,,,,,,,,,,,,
3010000,3010000-201-2002-00016,영업/정상,458.7,100411,서울특별시 중구 광희동1가 138-1 ,서울특별시 중구 을지로44길 6-7 (광희동1가),탑모텔,여관업,200476.8054,451495.1403,,,,,,,,,,,,,,,
3010000,3010000-201-2002-00017,영업/정상,242.41,100861,서울특별시 중구 충무로2가 66-9번지 7층 ,서울특별시 중구 명동8가길 7 (충무로2가,4536,59:59.0,198640.6596,451053.3799,,,,,,,,,,,,,,,
3010000,3010000-201-2002-00018,폐업,53,100802,서울특별시 중구 남대문로5가 221번지 ,,동양여관,여관업,197692.2248,450588.3786,,,,,,,,,,,,,,,
3010000,3010000-201-2002-00019,영업/정상,200,100-823,서울특별시 중구 신당동 241-102,서울특별시 중구 다산로35길 21 (신당동),8모텔,여관업,201203.715,451284.6772,,,,,,,,,,,,,,,
3010000,3010000-201-2002-00020,폐업,330,100411,서울특별시 중구 광희동1가 256-1 ,서울특별시 중구 마른내로 152-6 (광희동1가),BM모텔,여관업,200352.9832,451350.6089,,,,,,,,,,,,,,,
3010000,3010000-201-2002-00021,폐업,199.65,100827,서울특별시 중구 신당동 368-59번지 ,서울특별시 중구 다산로10길 5-4 (신당동),장미여관,여관업,200870.5445,450160.9283,,,,,,,,,,,,,,,
3010000,3010000-201-2002-00022,폐업,445.3,100180,서울특별시 중구 다동 162-1번지 ,,무교모텔,여관업,,,,,,,,,,,,,,,,,
3010000,3010000-201-2002-00023,영업/정상,442.73,100-411,서울특별시 중구 광희동1가 130,서울특별시 중구 을지로42길 11 (광희동1가),호텔 클로이,일반호텔,200448.9723,451491.6664,,,,,,,,,,,,,,,
3010000,3010000-201-2002-00024,폐업,145.88,100859,서울특별시 중구 중림동 331-15번지 ,서울특별시 중구 만리재로35길 47-4 (중림동),충남장여관,여관업,197075.6309,450566.3945,,,,,,,,,,,,,,,
3010000,3010000-201-2002-00025,영업/정상,46.96,100834,서울특별시 중구 신당동 377-111번지 ,서울특별시 중구 청구로17길 83 (신당동),쉐어하우스 다함,일반호텔,200938.2931,450589.2571,,,,,,,,,,,,,,,
3010000,3010000-201-2002-00026,영업/정상,757.39,100873,서울특별시 중구 회현동1가 142-8 1층~4층,서울특별시 중구 소공로3길 35 (회현동1가,4633,09:00.0,198377.9574,450478.0291,,,,,,,,,,,,,,,
3010000,3010000-201-2002-00027,영업/정상,871,100835,서울특별시 중구 신당동 432-2241,서울특별시 중구 다산로 51 (신당동),벤허,여관업,200566.0023,449646.6396,,,,,,,,,,,,,,,
3010000,3010000-201-2002-00028,영업/정상,209.58,100420,서울특별시 중구 무학동 33 2층,3층 , 2층,2020-10-29 10:57,201273.5838,451300.0261,0,N,,,,,,,,,,,,,
3010000,3010000-201-2002-00029,폐업,616.56,100876,서울특별시 중구 회현동2가 10-33번지 ,,씨에프(C.F)모텔,여관업,,,,,,,,,,,,,,,,,
3010000,3010000-201-2002-00030,영업/정상,57.26,100412,서울특별시 중구 광희동2가 42,서울특별시 중구 퇴계로 325-4 (광희동2가),동대문인모텔(Dongdaemun Inn),여관업,200640.7634,451364.2116,,,,,,,,,,,,,,,
3010000,3010000-201-2003-00001,영업/정상,744,100880,서울특별시 중구 흥인동 110번지 ,서울특별시 중구 다산로 255-1 (흥인동),레인보우호텔,여관업,201335.5064,451517.0075,,,,,,,,,,,,,,,
3010000,3010000-201-2003-00002,영업/정상,22,41,100856,서울특별시 중구 장충동2가 202번지 ,4605,59:59.0,200463.6253,450497.4609,,,,,,,,,,,,,,,
3010000,3010000-201-2003-00003,영업/정상,1,370.66,100400,서울특별시 중구 쌍림동 240번지 ,4615,35:49.0,200419.8322,451197.2911,,,,,,,,,,,,,,,
3010000,3010000-201-2003-00005,영업/정상,848.92,100851,서울특별시 중구 을지로6가 18-73 ,서울특별시 중구 을지로41길 10 (을지로6가),동대문라트리 호텔,여관업,200493.4213,451617.4019,,,,,,,,,,,,,,,
3010000,3010000-201-2003-00006,폐업,95.87,100412,서울특별시 중구 광희동2가 40-1 ,서울특별시 중구 퇴계로 325-8 (광희동2가),백운장여관,여관업,200644.9329,451378.7564,,,,,,,,,,,,,,,
3010000,3010000-201-2003-00007,영업/정상,537,100411,서울특별시 중구 광희동1가 182-6번지 ,서울특별시 중구 장충단로 229-5 (광희동1가),루모텔,여관업,200550.7366,451452.0354,,,,,,,,,,,,,,,
3010000,3010000-201-2003-00008,폐업,382.8,100800,서울특별시 중구 남대문로5가 63-3 ,서울특별시 중구 통일로 22-12 (남대문로5가),엠(M)모텔,여관업,197511.5147,450635.6557,,,,,,,,,,,,,,,
3010000,3010000-201-2003-00009,폐업,66.47,100859,서울특별시 중구 중림동 331-22번지 ,서울특별시 중구 만리재로35길 47-3 (중림동),우승여인숙,여인숙업,197065.349,450552.5964,,,,,,,,,,,,,,,
3010000,3010000-201-2003-00010,폐업,165,100411,서울특별시 중구 광희동1가 43번지 ,서울특별시 중구 을지로38길 9-12 (광희동1가),황해여관,여관업,200290.1726,451505.807,,,,,,,,,,,,,,,
3010000,3010000-201-2003-00011,영업/정상,248.5,100300,서울특별시 중구 초동 53-19,서울특별시 중구 충무로 21-19 (초동),대신모텔,여관업,199216.0394,451215.1146,,,,,,,,,,,,,,,
3010000,3010000-201-2003-00012,영업/정상,69.3,100819,서울특별시 중구 신당동 121-56,서울특별시 중구 다산로42길 29 (신당동),재화여관,여관업,201517.6231,451375.9773,,,,,,,,,,,,,,,
3010000,3010000-201-2003-00013,영업/정상,46,100819,서울특별시 중구 신당동 121-15번지 ,서울특별시 중구 다산로44길 30-2 (신당동),수정여관,여관업,201578.7653,451405.5009,,,,,,,,,,,,,,,
3010000,3010000-201-2003-00014,영업/정상,650.91,100873,서울특별시 중구 회현동1가 72-1번지 ,서울특별시 중구 퇴계로4길 69 (회현동1가),서울씨티호텔(SEOUL CITY HOTEL),여관업,198243.8762,450663.7063,,,,,,,,,,,,,,,
3010000,3010000-201-2003-00015,폐업,478.55,100870,서울특별시 중구 황학동 945번지 ,,감천여관,여관업,,,,,,,,,,,,,,,,,
3010000,3010000-201-2003-00016,폐업,0,100868,서울특별시 중구 황학동 250번지 ,,성동여인숙,여관업,201575.8571,451622.3894,,,,,,,,,,,,,,,
3010000,3010000-201-2003-00017,폐업,0,100340,서울특별시 중구 산림동 76-2번지 ,,상원여관,여관업,199673.0568,451752.147,,,,,,,,,,,,,,,
3010000,3010000-201-2003-00018,영업/정상,79.33,100869,서울특별시 중구 황학동 371-6번지 ,서울특별시 중구 퇴계로83길 12-5 (황학동),창덕여인숙,여인숙업,201584.9671,451577.8224,,,,,,,,,,,,,,,
3010000,3010000-201-2003-00019,폐업,89,100350,서울특별시 중구 입정동 265번지 ,,신일여관,여관업,199154.8982,451693.1387,,,,,,,,,,,,,,,
3010000,3010000-201-2003-00020,영업/정상,359.2,100282,서울특별시 중구 인현동2가 181-5 ,서울특별시 중구 마른내로8길 13 (인현동2가),달콤명동게스트하우스,여관업,199636.1457,451249.4969,,,,,,,,,,,,,,,
3010000,3010000-201-2003-00021,영업/정상,164.6,100858,서울특별시 중구 중림동 118-4번지 ,서울특별시 중구 청파로103길 18-4 (중림동),다림여인숙,여인숙업,197134.4538,450666.6007,,,,,,,,,,,,,,,
3010000,3010000-201-2003-00022,영업/정상,239.68,100819,서울특별시 중구 신당동 110-5,서울특별시 중구 다산로44길 3-5 (신당동),유니온 모텔,여관업,201460.0903,451436.4072,,,,,,,,,,,,,,,
3010000,3010000-201-2003-00023,영업/정상,86,100888,서울특별시 중구 신당동 236-293번지 ,서울특별시 중구 청구로 138 (신당동),한일여관,여관업,200852.7596,451306.0603,,,,,,,,,,,,,,,
3010000,3010000-201-2003-00024,폐업,0,100819,서울특별시 중구 신당동 130-14번지 ,,중앙장여관,여관업,201614.9075,451446.4198,,,,,,,,,,,,,,,
3010000,3010000-201-2003-00025,폐업,50,100858,서울특별시 중구 중림동 64-4번지 ,서울특별시 중구 청파로103길 7 (중림동),평산여인숙,여인숙업,197163.0249,450721.4311,,,,,,,,,,,,,,,
3010000,3010000-201-2003-00026,폐업,447.11,100873,서울특별시 중구 회현동1가 113번지 ,,동경장,여관업,198281.9487,450455.7113,,,,,,,,,,,,,,,
3010000,3010000-201-2003-00027,영업/정상,95.48,100807,서울특별시 중구 만리동1가 35-8,서울특별시 중구 만리재로37길 9 (만리동1가),천안 여인숙,여인숙업,197079.8183,450470.8962,,,,,,,,,,,,,,,
3010000,3010000-201-2003-00028,폐업,61.59,100831,서울특별시 중구 신당동 52-52번지 ,서울특별시 중구 다산로40길 38 (신당동),서림장여관,여관업,201528.5848,451243.1139,,,,,,,,,,,,,,,
3010000,3010000-201-2003-00029,영업/정상,396,100894,서울특별시 중구 신당동 430-4번지 ,서울특별시 중구 동호로15길 7 (신당동),퀸모텔,여관업,200704.6002,450446.4184,,,,,,,,,,,,,,,
3010000,3010000-201-2003-00030,폐업,175.53,100858,서울특별시 중구 중림동 132-2번지 ,,길성여관,여관업,197096.2009,450623.4644,,,,,,,,,,,,,,,
3010000,3010000-201-2003-00031,영업/정상,109.72,100272,서울특별시 중구 필동2가 57번지 ,서울특별시 중구 퇴계로42길 3-6 (필동2가),동산여관,여관업,199671.5207,451016.7228,,,,,,,,,,,,,,,
3010000,3010000-201-2003-00032,영업/정상,247.5,100855,서울특별시 중구 장충동2가 12-6번지 ,서울특별시 중구 동호로30길 42 (장충동2가),장충인(J C INN),여관업,200394.7266,450973.574,,,,,,,,,,,,,,,
3010000,3010000-201-2003-00033,영업/정상,48.6,100869,서울특별시 중구 황학동 754번지 ,,평양여인숙,여인숙업,201540.8996,451623.1039,,,,,,,,,,,,,,,
3010000,3010000-201-2003-00034,영업/정상,102,100340,서울특별시 중구 산림동 4번지 ,서울특별시 중구 창경궁로5가길 19 (산림동),광신장여관,여관업,199706.0013,451734.4737,,,,,,,,,,,,,,,
3010000,3010000-201-2003-00035,영업/정상,252,100-042,서울특별시 중구 남산동2가 11-1,서울특별시 중구 퇴계로20길 5-4 (남산동2가),서울뷰,여관업,198691.03,450839.3585,,,,,,,,,,,,,,,
3010000,3010000-201-2003-00036,영업/정상,76.64,100-819,서울특별시 중구 신당동 130-14,서울특별시 중구 퇴계로 428-8 (신당동),중앙장여관,여관업,201614.9075,451446.4198,,,,,,,,,,,,,,,
3010000,3010000-201-2003-00037,영업/정상,119,100823,서울특별시 중구 신당동 239-45번지 ,서울특별시 중구 다산로35길 29-1 (신당동),J모텔,여관업,201175.5547,451303.7669,,,,,,,,,,,,,,,
3010000,3010000-201-2003-00038,영업/정상,290.4,100858,서울특별시 중구 중림동 128-24번지 ,서울특별시 중구 청파로 429-6 (중림동),해성장여관,여관업,197186.7897,450662.7612,,,,,,,,,,,,,,,
3010000,3010000-201-2003-00039,영업/정상,225.23,100852,서울특별시 중구 입정동 162,서울특별시 중구 충무로14길 6-12 (입정동),경주모텔,여관업,199305.7089,451695.3221,,,,,,,,,,,,,,,
3010000,3010000-201-2003-00040,폐업,161.97,100-869,서울특별시 중구 황학동 753-28,서울특별시 중구 퇴계로83길 9-14 (황학동),동일여인숙,여인숙업,201556.8774,451547.9068,,,,,,,,,,,,,,,
3010000,3010000-201-2003-00041,폐업,97.9,100868,서울특별시 중구 황학동 166번지 ,,서구여관,여관업,201592.3408,451836.61,,,,,,,,,,,,,,,
3010000,3010000-201-2003-00042,폐업,0,100330,서울특별시 중구 주교동 106-2번지 ,,A여관,여관업,199833.6667,451787.6268,,,,,,,,,,,,,,,
3010000,3010000-201-2003-00043,영업/정상,166,100855,서울특별시 중구 장충동2가 36-5번지 ,서울특별시 중구 동호로30길 27-6 (장충동2가),동림여관,여관업,200339.9489,451007.8676,,,,,,,,,,,,,,,
3010000,3010000-201-2003-00044,폐업,0,100871,서울특별시 중구 황학동 2072번지 ,,명신여인숙,여인숙업,201674.3005,451905.2831,,,,,,,,,,,,,,,
3010000,3010000-201-2003-00045,영업/정상,165,100819,서울특별시 중구 신당동 130-13번지 ,서울특별시 중구 퇴계로84길 9 (신당동),현대여관,여관업,201601.8509,451437.9734,,,,,,,,,,,,,,,
3010000,3010000-201-2003-00046,영업/정상,375.76,100859,서울특별시 중구 중림동 331-14,서울특별시 중구 만리재로35길 49 (중림동),WO모텔 충정로,여관업,197084.5067,450570.7789,,,,,,,,,,,,,,,
3010000,3010000-201-2003-00047,영업/정상,45,100371,서울특별시 중구 만리동1가 62-38번지 ,서울특별시 중구 만리재로 207-10 (만리동1가),동은여인숙,여인숙업,197082.9529,450416.9964,,,,,,,,,,,,,,,
3010000,3010000-201-2003-00048,폐업,381.15,100824,서울특별시 중구 신당동 292-146번지 ,서울특별시 중구 퇴계로78길 39 (신당동),남양장여관,여관업,201400.5475,451250.5446,,,,,,,,,,,,,,,
3010000,3010000-201-2003-00049,영업/정상,149.54,100884,서울특별시 중구 신당동 308-21번지 ,서울특별시 중구 동호로12길 104 (신당동),대천여관,여관업,201037.9198,450825.1228,,,,,,,,,,,,,,,
3010000,3010000-201-2003-00050,영업/정상,165,100830,서울특별시 중구 신당동 366-101번지 ,서울특별시 중구 다산로 66 (신당동),세화장여관,여관업,200624.7099,449784.7596,,,,,,,,,,,,,,,
3010000,3010000-201-2003-00051,폐업,29.75,100869,서울특별시 중구 황학동 753-33 ,서울특별시 중구 퇴계로81길 14-6 (황학동),GD게스트하우스,여인숙업,201550.8435,451558.4435,,,,,,,,,,,,,,,
3010000,3010000-201-2003-00052,영업/정상,32,100197,서울특별시 중구 을지로7가 12,서울특별시 중구 퇴계로 345-6 (을지로7가),박씨네 한옥,여관업,200833.3322,451407.371,,,,,,,,,,,,,,,
3010000,3010000-201-2003-00053,폐업,0,100894,서울특별시 중구 신당동 430-4번지 ,,약천장,여관업,200704.6002,450446.4184,,,,,,,,,,,,,,,
3010000,3010000-201-2003-00054,영업/정상,205.26,100870,서울특별시 중구 황학동 1014번지 9/5 ,서울특별시 중구 퇴계로87길 42 (황학동,4575,40:00.0,201793.6605,451691.3226,,,,,,,,,,,,,,,
3010000,3010000-201-2003-00055,폐업,178.2,100833,서울특별시 중구 신당동 402-1번지 ,서울특별시 중구 청구로 101 (신당동),성신장여관,여관업,200909.1807,450970.5537,,,,,,,,,,,,,,,
3010000,3010000-201-2003-00056,폐업,37,100803,서울특별시 중구 남대문로5가 760번지 ,,삼주여인숙,여관업,,,,,,,,,,,,,,,,,
3010000,3010000-201-2003-00057,폐업,69.3,100824,서울특별시 중구 신당동 292-37번지 ,서울특별시 중구 다산로36길 8 (신당동),초원여인숙,여인숙업,201324.3768,451164.0022,,,,,,,,,,,,,,,
3010000,3010000-201-2003-00058,폐업,72.9,100869,서울특별시 중구 황학동 754번지 ,,대흥여인숙,여인숙업,201540.8996,451623.1039,,,,,,,,,,,,,,,
3010000,3010000-201-2003-00059,폐업,132.95,100869,서울특별시 중구 황학동 671번지 ,,신신여관,여관업,,,,,,,,,,,,,,,,,
3010000,3010000-201-2003-00060,폐업,240.33,100871,서울특별시 중구 황학동 1586번지 ,서울특별시 중구 난계로17길 9-6 (황학동),제일여관,여관업,201950.0572,451869.4348,,,,,,,,,,,,,,,
3010000,3010000-201-2003-00061,영업/정상,277.08,100042,서울특별시 중구 남산동2가 50-1번지 ,서울특별시 중구 퇴계로18길 79-3 (남산동2가),남산길 하우스,여관업,198586.1397,450583.7556,,,,,,,,,,,,,,,
3010000,3010000-201-2003-00062,폐업,264,100032,서울특별시 중구 저동2가 3-1번지 ,,을지장여관,여관업,199054.6185,451450.6809,,,,,,,,,,,,,,,
3010000,3010000-201-2003-00063,폐업,36.77,100210,서울특별시 중구 수하동 29-5번지 ,,흥안여관,여관업,,,,,,,,,,,,,,,,,
3010000,3010000-201-2003-00064,폐업,72.9,100869,서울특별시 중구 황학동 754번지 ,,맘보여인숙,여인숙업,201540.8996,451623.1039,,,,,,,,,,,,,,,
3010000,3010000-201-2003-00065,폐업,0,100879,서울특별시 중구 흥인동 70번지 1/5 ,,통일여인숙,여관업,201455.1466,451492.0417,,,,,,,,,,,,,,,
3010000,3010000-201-2003-00066,폐업,82.5,100800,서울특별시 중구 남대문로5가 12-13번지 ,서울특별시 중구 세종대로2나길 11 (남대문로5가),청수여관,여관업,197661.5807,450645.9406,,,,,,,,,,,,,,,
3010000,3010000-201-2003-00067,폐업,336.85,100845,서울특별시 중구 을지로2가 148-17번지 ,,동방여관,여관업,,,,,,,,,,,,,,,,,
3010000,3010000-201-2003-00068,영업/정상,256.95,100868,서울특별시 중구 황학동 48번지 ,서울특별시 중구 마장로9길 33-32 (황학동),중앙여관,여관업,201565.9949,451930.5913,,,,,,,,,,,,,,,
3010000,3010000-201-2003-00069,폐업,0,100290,서울특별시 중구 예관동 30-4번지 ,,은도장여관,여관업,199817.7671,451419.0856,,,,,,,,,,,,,,,
3010000,3010000-201-2003-00070,폐업,61.04,100869,서울특별시 중구 황학동 646-2번지 ,서울특별시 중구 난계로11길 43 (황학동),핑크여관,여관업,201830.5447,451627.2394,,,,,,,,,,,,,,,
3010000,3010000-201-2003-00071,폐업,318.56,100859,서울특별시 중구 중림동 411번지 ,,온천장여관,여관업,,,,,,,,,,,,,,,,,
3010000,3010000-201-2003-00072,폐업,89.76,100868,서울특별시 중구 황학동 190번지 ,,2.7여인숙,여인숙업,201567.4764,451741.0671,,,,,,,,,,,,,,,
3010000,3010000-201-2003-00073,영업/정상,217.8,100-391,서울특별시 중구 장충동1가 58-5,서울특별시 중구 동호로24길 42 (장충동1가),파이프 호스텔,여관업,200432.033,450987.9212,,,,,,,,,,,,,,,
3010000,3010000-201-2003-00074,영업/정상,633.37,100873,서울특별시 중구 회현동1가 53-6번지 ,서울특별시 중구 퇴계로12길 39-8 (회현동1가),HOTEL PARK HILL,여관업,198318.0816,450611.692,,,,,,,,,,,,,,,
3010000,3010000-201-2003-00075,영업/정상,148.8,100873,서울특별시 중구 회현동1가 46-2 신세계여관,서울특별시 중구 퇴계로12길 39-22,4633,09:00.0,198365.3664,450602.6785,,,,,,,,,,,,,,,
3010000,3010000-201-2003-00076,폐업,57.6,100872,서울특별시 중구 회현동1가 37-6번지 ,,이브여관,여관업,,,,,,,,,,,,,,,,,
3010000,3010000-201-2003-00077,영업/정상,109.09,100874,서울특별시 중구 회현동1가 187-1,서울특별시 중구 퇴계로8길 6-1 (회현동1가),탑호텔(TOP HOTEL),여관업,198137.6142,450748.2432,,,,,,,,,,,,,,,
3010000,3010000-201-2003-00078,영업/정상,238.54,100330,서울특별시 중구 주교동 96-1번지 ,서울특별시 중구 청계천로 188 (주교동),호텔 제이스테이(Hotel J-Stay),여관업,199799.2081,451816.8066,,,,,,,,,,,,,,,
3010000,3010000-201-2003-00079,영업/정상,90,100391,서울특별시 중구 장충동1가 23번지 ,서울특별시 중구 퇴계로60길 11 (장충동1가),케이게스트하우스 동대문 프리미엄점2,여관업,200510.2736,451241.1209,,,,,,,,,,,,,,,
3010000,3010000-201-2003-00080,폐업,175.21,100200,서울특별시 중구 삼각동 41번지 ,,양지여관,여관업,,,,,,,,,,,,,,,,,
3010000,3010000-201-2003-00081,폐업,0,100859,서울특별시 중구 중림동 423번지 ,,대림장여관,여관업,,,,,,,,,,,,,,,,,
3010000,3010000-201-2003-00082,폐업,138.84,100848,서울특별시 중구 을지로4가 166번지 ,,일심여관,여관업,199900.9964,451551.7129,,,,,,,,,,,,,,,
3010000,3010000-201-2003-00083,폐업,85,100893,서울특별시 중구 신당동 371-436번지 ,,동광여관,여관업,,,,,,,,,,,,,,,,,
3010000,3010000-201-2003-00084,영업/정상,227.38,100420,서울특별시 중구 무학동 59-3 ,서울특별시 중구 다산로35길 22,3층 (무학동),U,201223.0075,451297.6611,N,,,,,,,,,,,,,,
3010000,3010000-201-2003-00085,영업/정상,982.69,100864,서울특별시 중구 태평로2가 70-2,서울특별시 중구 세종대로 66 (태평로2가),호텔 퍼스트스테이 명동(Hotel firststay myeongdong),여관업,197868.524,451095.9039,,,,,,,,,,,,,,,
3010000,3010000-201-2003-00086,영업/정상,317,100230,서울특별시 중구 수표동 35-16번지 ,서울특별시 중구 수표로 68 (수표동),레몬 게스트 하우스,여관업,199030.8062,451659.587,,,,,,,,,,,,,,,
3010000,3010000-201-2004-00001,폐업,1,555,100052,서울특별시 중구 회현동2가 72-8번지 ,,59:59.0,일반호텔,,,,,,,,,,,,,,,,
3010000,3010000-201-2004-00002,영업/정상,269,100340,서울특별시 중구 산림동 76-2번지 ,서울특별시 중구 창경궁로5가길 27 (산림동),상원장,여관업,199673.0568,451752.147,,,,,,,,,,,,,,,
3010000,3010000-201-2004-00003,영업/정상,1,118,100411,서울특별시 중구 광희동1가 150-5번지 외 4필지 ,외 4필지),I,200456.9379,451451.8681,N,,,,,,,,,,,,,,
3010000,3010000-201-2004-00004,폐업,341,100800,서울특별시 중구 남대문로5가 17-3번지 외 3필지 ,서울특별시 중구 세종대로 22 (남대문로5가,4527,59:59.0,여관업,197663.3679,,,,,,,,,,,,,,,
3010000,3010000-201-2005-00001,폐업,58,100080,서울특별시 중구 북창동 17-5번지 ,,그린장,여관업,197978.6237,451194.9986,,,,,,,,,,,,,,,
3010000,3010000-201-2006-00001,영업/정상,14,210,100021,서울특별시 중구 명동1가 59-5 ,4534,40:00.0,198433.9032,451323.2163,,,,,,,,,,,,,,,
3010000,3010000-201-2006-00002,폐업,517,100860,서울특별시 중구 충무로2가 12-5번지 ,,명동티비에스,여관업,198898.282,451082.8393,,,,,,,,,,,,,,,
3010000,3010000-201-2006-00003,영업/정상,211,100800,서울특별시 중구 남대문로5가 63-5번지 ,서울특별시 중구 통일로 22-8 (남대문로5가),테마21,여관업,197500.9579,450621.2013,,,,,,,,,,,,,,,
3010000,3010000-201-2007-00001,영업/정상,11,248.13,100849,서울특별시 중구 을지로4가 310 지상2층일부,서울특별시 중구 을지로 164 (을지로4가,국도관광개발 주식회사 호텔국도,199603.0407,451543.6434,,,,,,,,,,,,,,,
3010000,3010000-201-2007-00002,폐업,19,868.47,100130,서울특별시 중구 순화동 151번지 (지상1층,,I,59:59.0,관광호텔,N,,,,,,,,,,,,,,
3010000,3010000-201-2008-00001,폐업,6,89.97,100195,서울특별시 중구 을지로5가 99번지 외 4필지 지상1층,서울특별시 중구 동호로 360 (을지로5가,호텔아카시아,2020-03-11 14:49,U,0,0,N,,,,,,,,,,,,
3010000,3010000-201-2008-00002,영업/정상,33,362.04,100130,서울특별시 중구 순화동 214외1번지 ,4517,59:59.0,197268.8854,451148.621,,,,,,,,,,,,,,,
3010000,3010000-201-2009-00001,폐업,5,997,100850,서울특별시 중구 을지로6가 17-2번지 18∼20층 ,18∼20층),I,59:59.0,관광호텔,N,,,,,,,,,,,,,,
3010000,3010000-201-2009-00002,폐업,4,549.37,100412,서울특별시 중구 광희동2가 73,4565,08:00.0,일반호텔,200721.9771,,,,,,,,,,,,,,,
3010000,3010000-201-2009-00003,영업/정상,3,591.52,100196,서울특별시 중구 을지로6가 32번지 을지로코업레지던스빌딩 ,을지로코업레지던스빌딩),I,200406.5636,451542.2616,N,,,,,,,,,,,,,,
3010000,3010000-201-2010-00001,폐업,25,524.92,100130,서울특별시 중구 순화동 151번지 (지상1층,,I,59:59.0,관광호텔,N,,,,,,,,,,,,,,
3010000,3010000-201-2010-00002,영업/정상,262.32,100869,서울특별시 중구 황학동 371-10번지 2~4층 ,서울특별시 중구 퇴계로83길 16 (황학동,4576,40:00.0,201579.8335,451568.9962,,,,,,,,,,,,,,,
3010000,3010000-201-2010-00003,영업/정상,5,589.12,100195,서울특별시 중구 을지로5가 77-2번지 3,6,13,200224.8152,451582.6271,15,67,0,N,0,,,,임대,0,0,0,0,0,N
3010000,3010000-201-2010-00004,영업/정상,1,557.15,100011,서울특별시 중구 충무로1가 24-23 명동하늘빌딩 6,8, 명동하늘빌딩 6,198527.0993,450998.0734,,,,,,,,,,,,,,,
3010000,3010000-201-2010-00005,폐업,1,458.45,100015,서울특별시 중구 충무로5가 22-5번지 현대프레스타워 5~7층 ,현대프레스타워 5~7층),I,59:59.0,일반호텔,N,,,,,,,,,,,,,,
3010000,3010000-201-2010-00006,영업/정상,386.49,100180,서울특별시 중구 다동 114 번지 2,3,서울특별시 중구 남대문로9길 8 (다동,4522,198342.2791,451614.0686,0,0,0,N,,,,,,,,,,,
3010000,3010000-201-2010-00007,폐업,6,539.85,100130,서울특별시 중구 순화동 151 (지상 1층,서울특별시 중구 칠패로 27 (순화동,남대문호텔 앤 스위트,2022-04-11 15:03,U,,,,,,,,,,,,,,,
3010000,3010000-201-2010-00008,영업/정상,2,81.38,100080,서울특별시 중구 북창동 122, 1~10층 (북창동),U,197959.8106,451024.3296,,,,,,,,,,,,,,,
3010000,3010000-201-2011-00001,폐업,499.2,100861,서울특별시 중구 충무로2가 61-2번지 J and S Building 5~7층 ,서울특별시 중구 명동8가길 52 (충무로2가,4537,59:59.0,여관업,198866.5881,,,,,,,,,,,,,,,
3010000,3010000-201-2011-00002,영업/정상,344,100874,서울특별시 중구 회현동1가 199-6번지 7층 ,서울특별시 중구 남대문시장길 61 (회현동1가,4529,59:59.0,198113.9323,450944.4452,,,,,,,,,,,,,,,
3010000,3010000-201-2011-00003,영업/정상,136,100330,서울특별시 중구 주교동 136-5 2~4층 ,서울특별시 중구 창경궁로 67-6 (주교동,4545,40:00.0,199715.4286,451800.1655,,,,,,,,,,,,,,,
3010000,3010000-201-2011-00004,폐업,7,40.05,100195,서울특별시 중구 을지로5가 275-3번지 ,4561,59:59.0,200184.1713,451515.5088,,,,,,,,,,,,,,,
3010000,3010000-201-2011-00005,영업/정상,952.64,100080,서울특별시 중구 북창동 104 3~4층 ,서울특별시 중구 남대문로1길 26-10 (북창동,4526,40:00.0,197986.8957,451089.6626,,,,,,,,,,,,,,,
3010000,3010000-201-2011-00006,영업/정상,7,111.91,100845,서울특별시 중구 을지로2가 195-8번지 ,4538,59:59.0,198609.6543,451404.4049,,,,,,,,,,,,,,,
3010000,3010000-201-2011-00007,영업/정상,310,100340,서울특별시 중구 산림동 293-1번지 3~4층 ,서울특별시 중구 을지로 153-7 (산림동,4544,59:59.0,199489.2402,451626.1467,,,,,,,,,,,,,,,
3010000,3010000-201-2011-00008,영업/정상,5,130.29,100861,서울특별시 중구 충무로2가 62-9,4537,01:00.0,198814.8844,451003.687,,,,,,,,,,,,,,,
3010000,3010000-201-2011-00009,폐업,1,993.95,100809,서울특별시 중구 명동2가 33-1번지 청휘빌딩 9층~13층 , 청휘빌딩 9층~13층),I,59:59.0,일반호텔,N,,,,,,,,,,,,,,
3010000,3010000-201-2011-00010,영업/정상,546.47,100080,서울특별시 중구 북창동 95 ,서울특별시 중구 남대문로1길 26-8 (북창동),피넛호텔,여관업,197971.4235,451099.7887,,,,,,,,,,,,,,,
3010000,3010000-201-2012-00001,영업/정상,553.72,100809,서울특별시 중구 명동2가 2-7번지 명광빌딩 2~5층 ,서울특별시 중구 명동10길 7-7 (명동2가,4537,59:59.0,198660.3854,451251.3304,,,,,,,,,,,,,,,
3010000,3010000-201-2012-00002,영업/정상,1,721.5,100874,서울특별시 중구 회현동1가 199-6 모빅빌딩 4~6층,서울특별시 중구 남대문시장길 61,4529,198113.9323,450944.4452,,,,,,,,,,,,,,,
3010000,3010000-201-2012-00003,영업/정상,469.92,100196,서울특별시 중구 을지로6가 53-4번지 1층~5층 ,서울특별시 중구 을지로40길 3 (을지로6가,4561,59:59.0,200368.7653,451552.7777,,,,,,,,,,,,,,,
3010000,3010000-201-2012-00004,폐업,335.14,100-860,서울특별시 중구 충무로2가 12-8 2~4층,서울특별시 중구 명동8가길 51,4537,07:00.0,여관업,198867.0599,,,,,,,,,,,,,,,
3010000,3010000-201-2012-00005,폐업,1,514.04,100860,서울특별시 중구 충무로2가 12-5번지 외 1필지 3층~8층 , 3층~8층 (충무로2가),U,40:00.0,일반호텔,N,,,,,,,,,,,,,,
3010000,3010000-201-2012-00006,영업/정상,11,672.05,100021,서울특별시 중구 명동1가 10-1 외 1필지 명동센트럴빌딩, 명동센트럴빌딩),U,198625.2543,451373.686,,,,,,,,,,,,,,,
3010000,3010000-201-2012-00007,영업/정상,5,185.47,100861,서울특별시 중구 충무로2가 63-2 ,4537,40:00.0,198695.6586,451034.5095,,,,,,,,,,,,,,,
3010000,3010000-201-2012-00008,영업/정상,3,883.37,100801,서울특별시 중구 남대문로5가 84-16번지 ,4527,59:59.0,197711.6301,450541.1714,,,,,,,,,,,,,,,
3010000,3010000-201-2013-00001,영업/정상,743.6,100015,서울특별시 중구 충무로5가 19-5 광암라이피아 2~5층 ,서울특별시 중구 퇴계로 245, 광암라이피아),U,199847.3665,451150.4109,N,,,,,,,,,,,,,,
3010000,3010000-201-2013-00002,영업/정상,1,758.22,100861,서울특별시 중구 충무로2가 62-2번지 외 1필지 ,4537,59:59.0,198797.2986,451041.8933,,,,,,,,,,,,,,,
3010000,3010000-201-2013-00003,영업/정상,185.12,100015,서울특별시 중구 충무로5가 19-7번지 4층,5층 , 4층,2017-11-29 10:19,199815.7636,451141.6191,0,N,,,,,,,,,,,,,
3010000,3010000-201-2013-00004,폐업,937.34,100080,서울특별시 중구 북창동 93-37번지 신신호텔I  2층~11층 ,서울특별시 중구 남대문로5길 21 (북창동),신신호텔I,관광호텔,198067.2766,451115.0552,,,,,,,,,,,,,,,
3010000,3010000-201-2013-00005,영업/정상,2,329.08,100080,서울특별시 중구 북창동 93-43 지1층~7층 , 지1층~7층),U,198047.6741,451117.6741,N,,,,,,,,,,,,,,
3010000,3010000-201-2013-00006,폐업,430,100281,서울특별시 중구 인현동1가 94-1 삼복빌딩 4층~7층,서울특별시 중구 마른내로 53 (인현동1가,4549,09:00.0,451351.5857,,,,,,,,,,,,,,,,
3010000,3010000-201-2013-00007,폐업,230,100310,서울특별시 중구 오장동 139-6 2층~ 3층 ,서울특별시 중구 동호로 339 (오장동,4547,40:00.0,451387.3212,여관업,,,,,,,,,,,,,,,
3010000,3010000-201-2013-00008,영업/정상,4,41.31,100080,서울특별시 중구 북창동 17-1 , 지상2층~11층 (북창동),U,197996.3032,451214.9404,N,,,,,,,,,,,,,,
3010000,3010000-201-2013-00009,영업/정상,513.4,100080,서울특별시 중구 북창동 108-5,서울특별시 중구 남대문로 25-13 (북창동),서울쎈트럴호텔(SEOUL CENTRAL HOTEL),여관업,198005.1343,451061.2131,,,,,,,,,,,,,,,
3010000,3010000-201-2013-00010,폐업,615.06,100846,서울특별시 중구 을지로3가 320 2층~4층 ,서울특별시 중구 을지로12길 11 (을지로3가,4550,40:00.0,여관업,199158.5929,,,,,,,,,,,,,,,
3010000,3010000-201-2013-00011,영업/정상,12,62.82,100094,서울특별시 중구 남대문로4가 17-7번지 2층~15층 , 2층~15층),I,197847.7545,451011.2319,N,,,,,,,,,,,,,,
3010000,3010000-201-2013-00012,폐업,7,945.98,100846,서울특별시 중구 을지로3가 95-7 2층~10층, 2층~10층),U,04:00.0,관광호텔,,,,,,,,,,,,,,,
3010000,3010000-201-2013-00013,영업/정상,106.42,100847,서울특별시 중구 을지로3가 225-1번지 ,서울특별시 중구 을지로15길 6-15 (을지로3가),서울맘 게스트하우스,여관업,199404.2614,451622.3786,,,,,,,,,,,,,,,
3010000,3010000-201-2013-00014,폐업,16,651,100013,서울특별시 중구 충무로3가 43,4554,03:00.0,관광호텔,199273.8154,,,,,,,,,,,,,,,
3010000,3010000-201-2013-00015,영업/정상,9,26.49,100391,서울특별시 중구 장충동1가 31-7번지 지하2층~지상9층 , 지하2층~지상9층),I,200538.8501,451107.6143,N,,,,,,,,,,,,,,
3010000,3010000-201-2013-00016,영업/정상,347.1,100800,서울특별시 중구 남대문로5가 17-8번지 1층~3층 ,서울특별시 중구 세종대로2나길 21 (남대문로5가,4527,59:59.0,197687.2689,450686.4446,,,,,,,,,,,,,,,
3010000,3010000-201-2014-00001,영업/정상,318.8,100860,서울특별시 중구 충무로2가 12-4번지 금성빌딩 3,4층 , 금성빌딩 3,2017-11-29 10:50,198911.0286,451082.2144,0,N,,,,,,,,,,,,,
3010000,3010000-201-2014-00002,폐업,261.16,100230,서울특별시 중구 수표동 56-14 3층 ,서울특별시 중구 을지로9길 26,4542,40:00.0,여관업,198933.3682,,,,,,,,,,,,,,,
3010000,3010000-201-2014-00003,영업/정상,1,119.71,100180,서울특별시 중구 다동 115번지 ,4522,59:59.0,198336.8891,451629.5562,,,,,,,,,,,,,,,
3010000,3010000-201-2014-00004,영업/정상,641.39,100080,서울특별시 중구 북창동 134-1 4,5,서울특별시 중구 남대문로1길 6,4526,197960.9876,451009.7108,,,,,,,,,,,,,,,
3010000,3010000-201-2014-00005,영업/정상,222.27,100013,서울특별시 중구 충무로3가 24-13번지 2,3,서울특별시 중구 수표로 22-4,4555,199101.7051,451201.7209,0,0,0,N,,,,,,,,,,,
3010000,3010000-201-2014-00006,영업/정상,1,44,100851,서울특별시 중구 을지로6가 18-130번지 기승빌딩 7~9층 , 7~9층 (을지로6가,2019-07-11 13:05,200513.5245,451579.0998,0,N,,,,,,,,,,,,,
3010000,3010000-201-2014-00007,영업/정상,7,536.03,100310,서울특별시 중구 오장동 206-2 동대문호텔피에프브이, 동대문호텔피에프브이),U,200113.9996,451324.0261,,,,,,,,,,,,,,,
3010000,3010000-201-2014-00008,영업/정상,547.71,100802,서울특별시 중구 남대문로5가 552번지 ,서울특별시 중구 후암로60길 17 (남대문로5가),쿱케이팝,여관업,197719.3535,450586.4252,,,,,,,,,,,,,,,
3010000,3010000-201-2014-00009,영업/정상,2,589.38,100011,서울특별시 중구 충무로1가 24-30번지 ,4536,59:59.0,198484.0965,450963.9718,,,,,,,,,,,,,,,
3010000,3010000-201-2014-00010,영업/정상,273.72,100013,서울특별시 중구 충무로3가 57-3번지 2F~5F ,서울특별시 중구 퇴계로31길 29 (충무로3가,4554,59:59.0,199237.8591,451136.4603,,,,,,,,,,,,,,,
3010000,3010000-201-2014-00011,영업/정상,547.44,100011,서울특별시 중구 충무로1가 24-6 ,서울특별시 중구 명동8나길 9,7층 (충무로1가),U,198554.8834,451001.4481,N,,,,,,,,,,,,,,
3010000,3010000-201-2014-00012,영업/정상,5,769.68,100310,서울특별시 중구 오장동 181-4번지 ,4561,59:59.0,200171.9358,451444.2464,,,,,,,,,,,,,,,
3010000,3010000-201-2014-00013,폐업,463.56,100021,서울특별시 중구 명동1가 7-1번지 14층 ,서울특별시 중구 명동길 55 (명동1가),이코노미 호텔,일반호텔,451325.2298,일반호텔,,,,,,,,,,,,,,,
3010000,3010000-201-2014-00014,영업/정상,50.58,100874,서울특별시 중구 회현동1가 199-6 모딕빌딩 10층,서울특별시 중구 남대문시장길 61 (회현동1가,4529,09:00.0,198113.9323,450944.4452,,,,,,,,,,,,,,,
3010000,3010000-201-2014-00015,영업/정상,4,567.92,100412,서울특별시 중구 광희동2가 238-1 2층~15층, 2층~15층층 (광희동2가),U,200701.1424,451316.5368,,,,,,,,,,,,,,,
3010000,3010000-201-2014-00016,영업/정상,1475.52,100-021,서울특별시 중구 명동1가 7-1,서울특별시 중구 명동길 55,13층,2023-04-04 10:50,198636.1421,451325.2298,,,,,,,,,,,,,,,
3010000,3010000-201-2014-00017,폐업,197.06,100412,서울특별시 중구 광희동2가 33-1번지 ,서울특별시 중구 장충단로 226-4 (광희동2가),유당하우스,숙박업 기타,200625.7866,451404.1059,,,,,,,,,,,,,,,
3010000,3010000-201-2014-00018,영업/정상,419.75,100080,서울특별시 중구 북창동 104 5층 ,서울특별시 중구 남대문로1길 26-10 (북창동,4526,40:00.0,197986.8957,451089.6626,,,,,,,,,,,,,,,
3010000,3010000-201-2015-00001,영업/정상,272.2,100-861,서울특별시 중구 충무로2가 51-17,서울특별시 중구 퇴계로 159-8 (충무로2가),올스테이인,숙박업 기타,199037.9165,451051.292,,,,,,,,,,,,,,,
3010000,3010000-201-2015-00002,폐업,658.07,100250,서울특별시 중구 예장동 1-43번지 ,서울특별시 중구 필동로8길 77,4626,59:59.0,관광호텔,199329.7852,,,,,,,,,,,,,,,
3010000,3010000-201-2015-00003,영업/정상,358.02,100-330,서울특별시 중구 주교동 125-2 3,4,서울특별시 중구 청계천로 184,4546,199770.3777,451814.6004,,,,,,,,,,,,,,,
3010000,3010000-201-2015-00004,영업/정상,7,406.53,100861,서울특별시 중구 충무로2가 53-10,4553,07:00.0,198990.203,451044.8953,,,,,,,,,,,,,,,
3010000,3010000-201-2015-00005,영업/정상,881.81,100851,서울특별시 중구 을지로6가 18-59,서울특별시 중구 을지로43길 9-8,4564,02:00.0,200504.485,451629.3608,,,,,,,,,,,,,,,
3010000,3010000-201-2015-00006,폐업,60.89,100-011,서울특별시 중구 충무로1가 24-1 3층~17층,서울특별시 중구 퇴계로 115 (충무로1가,4536,00:00.0,일반호텔,198562.6327,,,,,,,,,,,,,,,
3010000,3010000-201-2015-00007,폐업,2,574.87,100874,서울특별시 중구 회현동1가 194-30번지 ,4634,40:00.0,관광호텔,198043.4982,,,,,,,,,,,,,,,
3010000,3010000-201-2015-00008,영업/정상,534.54,100860,서울특별시 중구 충무로2가 12-17 가나빌딩 4층,5층,서울특별시 중구 명동8가길 33 (충무로2가,4537,198773.9871,451070.3628,,,,,,,,,,,,,,,
3010000,3010000-201-2015-00009,폐업,401.22,100-310,서울특별시 중구 오장동 139-20 삼덕빌딩 4,5,서울특별시 중구 동호로 343, 삼덕빌딩),숙박업 기타,200114.5889,,,,,,,,,,,,,,,
3010000,3010000-201-2015-00010,영업/정상,303.89,100011,서울특별시 중구 충무로1가 25-50번지 3,4,서울특별시 중구 퇴계로 103,4535,198447.6446,450955.1611,0,0,0,N,,,,,,,,,,,
3010000,3010000-201-2015-00011,영업/정상,3,383.64,100013,서울특별시 중구 충무로3가 30-1번지 스테이비 호텔 명동 , 스테이비 호텔 명동),I,199295.434,451227.8796,N,,,,,,,,,,,,,,
3010000,3010000-201-2015-00012,영업/정상,3,374.33,100863,서울특별시 중구 충무로4가 125-11번지 ,4625,59:59.0,199560.4116,451005.6478,,,,,,,,,,,,,,,
3010000,3010000-201-2015-00013,폐업,432.1,100197,서울특별시 중구 을지로7가 58-1 FIN TOWER 4층,5층,서울특별시 중구 을지로 280-2 (을지로7가,4565,2021-12-28 15:43,U,0,0,0,N,,,,,,,,,,,
3010000,3010000-201-2015-00014,영업/정상,5,749.82,100290,서울특별시 중구 예관동 70-2 ,4559,40:00.0,199812.2047,451319.1275,,,,,,,,,,,,,,,
3010000,3010000-201-2015-00015,영업/정상,9,973.62,100845,서울특별시 중구 을지로2가 101-1,4542,07:00.0,198991.4807,451591.9121,,,,,,,,,,,,,,,
3010000,3010000-201-2015-00016,영업/정상,5,163.73,100013,서울특별시 중구 충무로3가 58-8,4554,05:00.0,199114.933,451143.3582,,,,,,,,,,,,,,,
3010000,3010000-201-2015-00017,영업/정상,2,190.38,100310,서울특별시 중구 오장동 90-24번지 , 1~9층 (오장동),I,199921.3975,451313.0036,N,,,,,,,,,,,,,,
3010000,3010000-201-2015-00018,영업/정상,10421.97,100-250,서울특별시 중구 예장동 2-19,서울특별시 중구 삼일대로2길 50 (예장동),오리엔스호텔&레지던스,관광호텔,199159.9332,450864.4496,,,,,,,,,,,,,,,
3010000,3010000-201-2015-00019,영업/정상,456.28,100860,서울특별시 중구 충무로2가 12-27 ,서울특별시 중구 명동8가길 47,8층 (충무로2가),U,198841.349,451075.9012,N,,,,,,,,,,,,,,
3010000,3010000-201-2015-00020,영업/정상,1,116.78,100873,서울특별시 중구 회현동1가 99-18번지 ,4634,40:00.0,198142.8812,450638.8105,,,,,,,,,,,,,,,
3010000,3010000-201-2015-00021,영업/정상,747,100860,서울특별시 중구 충무로2가 12-19번지 4층~8층 ,서울특별시 중구 명동8가길 31 (충무로2가,4537,59:59.0,198764.1347,451069.8538,,,,,,,,,,,,,,,
3010000,3010000-201-2015-00022,영업/정상,263.27,100197,서울특별시 중구 을지로7가 32-3번지 2층,3층,서울특별시 중구 을지로 282-1,4565,200758.65,451449.2013,0,0,0,N,,,,,,,,,,,
3010000,3010000-201-2015-00023,영업/정상,12,565.85,100412,서울특별시 중구 광희동2가 17 ,4565,40:00.0,200614.7247,451381.2495,,,,,,,,,,,,,,,
3010000,3010000-201-2015-00024,영업/정상,1,377.07,100860,서울특별시 중구 충무로2가 12-7번지 ,4537,59:59.0,198877.8236,451079.5618,,,,,,,,,,,,,,,
3010000,3010000-201-2015-00025,영업/정상,165.9,100411,서울특별시 중구 광희동1가 193 광성빌딩  3층,서울특별시 중구 장충단로 225 (광희동1가,4561,09:00.0,200547.6397,451402.8925,,,,,,,,,,,,,,,
3010000,3010000-201-2015-00026,영업/정상,393.52,100-804,서울특별시 중구 남창동 9-15 10층,서울특별시 중구 퇴계로 61,4529,01:00.0,198065.8456,450787.3968,,,,,,,,,,,,,,,
3010000,3010000-201-2015-00027,영업/정상,613.22,100080,서울특별시 중구 북창동 104번지 2층 ,서울특별시 중구 남대문로1길 26-10,4526,59:59.0,197986.8957,451089.6626,,,,,,,,,,,,,,,
3010000,3010000-201-2015-00028,영업/정상,340.22,100310,서울특별시 중구 오장동 139-3번지 4층~6층 ,서울특별시 중구 동호로 345,4547,40:00.0,200113.2657,451434.0577,,,,,,,,,,,,,,,
3010000,3010000-201-2015-00029,영업/정상,4,804.48,100400,서울특별시 중구 쌍림동 270-2번지 ,4615,40:00.0,200429.9294,451264.5958,,,,,,,,,,,,,,,
3010000,3010000-201-2015-00030,영업/정상,12,388.79,100809,서울특별시 중구 명동2가 31-1 7층~22층 , 7층~22층 (명동2가),U,198619.3882,451135.7403,N,,,,,,,,,,,,,,
3010000,3010000-201-2015-00031,영업/정상,881.23,100310,서울특별시 중구 오장동 139-18번지 ,서울특별시 중구 동호로 343-1 (오장동),글로리 인(Glory Inn),일반호텔,200114.0471,451422.3838,,,,,,,,,,,,,,,
3010000,3010000-201-2015-00032,영업/정상,893.64,100011,서울특별시 중구 충무로1가 24-28번지 11,12,서울특별시 중구 명동2길 57 (충무로1가,4536,198467.5819,450968.9853,0,0,0,N,,,,,,,,,,,
3010000,3010000-201-2015-00033,영업/정상,357.77,100102,서울특별시 중구 태평로2가 366-1번지 3층 ,서울특별시 중구 덕수궁길 7,4515,35:49.0,197838.5063,451380.7703,,,,,,,,,,,,,,,
3010000,3010000-201-2015-00034,영업/정상,2,387.18,100195,서울특별시 중구 을지로5가 274-1번지 (지하1층 면적 제외) ,4547,59:59.0,200110.3353,451549.0544,,,,,,,,,,,,,,,
3010000,3010000-201-2015-00035,영업/정상,9,940.25,100070,서울특별시 중구 소공동 70번지 ,4532,40:00.0,198232.0039,451276.3073,,,,,,,,,,,,,,,
3010000,3010000-201-2015-00036,영업/정상,1,774.28,100851,서울특별시 중구 을지로6가 18-185 19층,서울특별시 중구 장충단로 263,호텔 밀리오레,200664.5829,451781.8684,0,0,N,,,,,,,,,,,,
3010000,3010000-201-2015-00037,영업/정상,18,598.8,100080,서울특별시 중구 북창동 93-52 ,4526,40:00.0,198055.2308,451060.5038,,,,,,,,,,,,,,,
3010000,3010000-201-2015-00038,영업/정상,281.12,100847,서울특별시 중구 을지로3가 291-45 2층,서울특별시 중구 충무로 54-3,4549,05:00.0,199321.5604,451526.9013,,,,,,,,,,,,,,,
3010000,3010000-201-2015-00039,영업/정상,837.71,100-800,서울특별시 중구 남대문로5가 17-2,서울특별시 중구 세종대로 24-1 (남대문로5가),르코지,여관업,197673.7261,450696.1529,,,,,,,,,,,,,,,
3010000,3010000-201-2015-00040,영업/정상,298.24,100411,서울특별시 중구 광희동1가 38-1번지 3층,4층,서울특별시 중구 을지로38길 11,4561,200271.3984,451530.9771,0,0,0,N,,,,,,,,,,,
3010000,3010000-201-2016-00001,영업/정상,25333.62,100-220,서울특별시 중구 장교동 22-4,서울특별시 중구 삼일대로 362 (장교동),(주)호텔롯데 롯데시티호텔명동,관광호텔,198876.9253,451628.1532,,,,,,,,,,,,,,,
3010000,3010000-201-2016-00002,영업/정상,15016.24,100-861,서울특별시 중구 충무로2가 62-12,서울특별시 중구 퇴계로 137 (충무로2가),(주)호텔롯데L7명동,관광호텔,198780.0187,451009.7736,,,,,,,,,,,,,,,
3010000,3010000-201-2016-00003,영업/정상,976.11,100300,서울특별시 중구 초동 19-10 2층~7층 ,서울특별시 중구 충무로5길 3 (초동,4550,40:00.0,199261.5169,451418.4403,,,,,,,,,,,,,,,
3010000,3010000-201-2016-00004,폐업,394.32,100862,서울특별시 중구 충무로4가 148-1 9층 ,서울특별시 중구 퇴계로37길 14,4557,40:00.0,199397.0138,451070.7637,,,,,,,,,,,,,,,
3010000,3010000-201-2016-00005,폐업,349.92,100862,서울특별시 중구 충무로4가 148-1 10층 ,서울특별시 중구 퇴계로37길 14,4557,40:00.0,199397.0138,451070.7637,,,,,,,,,,,,,,,
3010000,3010000-201-2016-00006,영업/정상,11,378.16,100195,서울특별시 중구 을지로5가 275-3번지 ,4561,59:59.0,200161.1924,451521.4155,,,,,,,,,,,,,,,
3010000,3010000-201-2016-00007,영업/정상,509.25,100810,서울특별시 중구 명동2가 52-7 4~6층 ,서울특별시 중구 명동8길 36,4536,40:00.0,198579.953,451091.1367,,,,,,,,,,,,,,,
3010000,3010000-201-2016-00008,영업/정상,993.3,100412,서울특별시 중구 광희동2가 360번지 ,서울특별시 중구 장충단로 213,4615,35:49.0,200526.6564,451268.2987,,,,,,,,,,,,,,,
3010000,3010000-201-2016-00009,영업/정상,409.41,100412,서울특별시 중구 광희동2가 96번지 1층,2층,4층 ,3층4층 (광희동2가),200792.0686,451392.7896,0,0,0,0,N,,,,,,,,,,
3010000,3010000-201-2016-00010,영업/정상,420.7,100809,서울특별시 중구 명동2가 32-2 3~4층,서울특별시 중구 명동8길 21-7,4536,00:00.0,198620.5002,451181.8387,,,,,,,,,,,,,,,
3010000,3010000-201-2016-00011,영업/정상,19,58,100094,서울특별시 중구 남대문로4가 17-23번지 , 4~20층 (남대문로4가),I,197891.5649,450990.5935,N,,,,,,,,,,,,,,
3010000,3010000-201-2016-00012,폐업,20574.41,100-874,서울특별시 중구 회현동1가 194-15 4~18층,서울특별시 중구 퇴계로 52,4634,07:00.0,관광호텔,198043.6355,,,,,,,,,,,,,,,
3010000,3010000-201-2016-00013,영업/정상,25,757.87,100850,서울특별시 중구 을지로6가 17-2번지 현대시티타워지하2층,14~22층 ,14~22층),200613.5103,451817.5154,0,0,0,0,Y,,,,,,,,,,
3010000,3010000-201-2016-00014,폐업,363.57,100013,서울특별시 중구 충무로3가 26-2 2~5층 ,서울특별시 중구 수표로6길 33,4555,40:00.0,숙박업 기타,199245.2648,,,,,,,,,,,,,,,
3010000,3010000-201-2016-00015,영업/정상,6,366.79,100195,서울특별시 중구 을지로5가 273-4번지 2~20층 , 2~20층 (을지로5가),U,200096.9307,451569.9296,N,,,,,,,,,,,,,,
3010000,3010000-201-2016-00016,영업/정상,89.04,100866,서울특별시 중구 필동1가 10-6번지 2층~5층 ,서울특별시 중구 퇴계로31길 9 (필동1가,4554,35:49.0,199238.8375,451039.7926,,,,,,,,,,,,,,,
3010000,3010000-201-2016-00017,영업/정상,3,790.53,100021,서울특별시 중구 명동1가 59-1번지 3~5층 , 3~5층),I,198514.1268,451341.5123,Y,,,,,,,,,,,,,,
3010000,3010000-201-2016-00018,영업/정상,441.54,100021,서울특별시 중구 명동1가 38-1 5,6층,5,2022-08-30 13:52,198564.1795,451386.8747,,,,,,,,,,,,,,,
3010000,3010000-201-2016-00019,영업/정상,264.6,100411,서울특별시 중구 광희동1가 182-20 2~5층 ,서울특별시 중구 장충단로 229-9 (광희동1가,4561,40:00.0,200538.2033,451456.4171,,,,,,,,,,,,,,,
3010000,3010000-201-2016-00020,폐업,394.32,100862,서울특별시 중구 충무로4가 148-1 8층 ,서울특별시 중구 퇴계로37길 14,4557,40:00.0,199397.0138,451070.7637,,,,,,,,,,,,,,,
3010000,3010000-201-2016-00021,영업/정상,417.19,100837,서울특별시 중구 신당동 773 18층,서울특별시 중구 마장로 3 (신당동,4567,09:00.0,200863.5941,451837.4816,,,,,,,,,,,,,,,
3010000,3010000-201-2016-00022,폐업,5,643.72,100180,서울특별시 중구 다동 130번지 지하1층~9층 , 지하1층~9층),U,관광호텔,198260.8807,N,,,,,,,,,,,,,,
3010000,3010000-201-2016-00023,폐업,444.72,100-846,서울특별시 중구 을지로3가 5-14 2~5층,서울특별시 중구 충무로9길 41 (을지로3가,4543,03:00.0,199055.0296,451604.6814,,,,,,,,,,,,,,,
3010000,3010000-201-2016-00024,영업/정상,313.28,100412,서울특별시 중구 광희동2가 43-1번지 3~6층 ,서울특별시 중구 퇴계로 329 (광희동2가,4565,40:00.0,200647.1594,451357.6211,,,,,,,,,,,,,,,
3010000,3010000-201-2016-00025,영업/정상,555.6,100860,서울특별시 중구 충무로2가 12-10 3~8층 ,서울특별시 중구 명동8가길 49 (충무로2가,4537,40:00.0,198854.0678,451076.8717,,,,,,,,,,,,,,,
3010000,3010000-201-2017-00001,영업/정상,5,973.91,100810,서울특별시 중구 명동2가 104번지 3층~20층 , 3층~20층),U,198333.3358,451110.7849,N,,,,,,,,,,,,,,
3010000,3010000-201-2017-00002,영업/정상,386.04,100-042,서울특별시 중구 남산동2가 36-6 1~2층,서울특별시 중구 소공로6길 29 (남산동2가,4631,01:00.0,198584.7973,450705.2102,,,,,,,,,,,,,,,
3010000,3010000-201-2017-00003,영업/정상,15,883.04,100300,서울특별시 중구 초동 72-10 3~16층 , 3~16층),U,199128.5533,451340.5955,N,,,,,,,,,,,,,,
3010000,3010000-201-2017-00004,폐업,505.98,100-021,서울특별시 중구 명동1가 7-1 15층,서울특별시 중구 명동길 55 (명동1가,4538,09:00.0,일반호텔,198636.1421,,,,,,,,,,,,,,,
3010000,3010000-201-2017-00005,영업/정상,212.51,100809,서울특별시 중구 명동2가 3-3번지 5층 ,서울특별시 중구 명동10길 19-3 (명동2가,4537,35:49.0,198659.4462,451198.7893,,,,,,,,,,,,,,,
3010000,3010000-201-2017-00006,영업/정상,999,100-042,서울특별시 중구 남산동2가 45-10 지하 1층~ 지상 5층,서울특별시 중구 퇴계로18길 67 (남산동2가,4630,00:00.0,198567.9043,450646.3872,,,,,,,,,,,,,,,
3010000,3010000-201-2017-00007,영업/정상,6,601.21,100032,서울특별시 중구 저동2가 48-27 ,4555,40:00.0,199088.3227,451230.6101,,,,,,,,,,,,,,,
3010000,3010000-201-2017-00008,영업/정상,297.52,100080,서울특별시 중구 북창동 94-38 1~3층 ,서울특별시 중구 남대문로1길 26-19 (북창동,4526,40:00.0,198018.794,451118.8737,,,,,,,,,,,,,,,
3010000,3010000-201-2017-00009,영업/정상,600.33,100-013,서울특별시 중구 충무로3가 59-22 영한빌딩 3,4,서울특별시 중구 수표로 14,4554,199100.3459,451122.184,,,,,,,,,,,,,,,
3010000,3010000-201-2017-00010,영업/정상,178.54,100-042,서울특별시 중구 남산동2가 33-3 1~2층,서울특별시 중구 퇴계로18길 41 (남산동2가,4631,03:00.0,198602.1193,450758.3647,,,,,,,,,,,,,,,
3010000,3010000-201-2017-00011,영업/정상,166.54,100-042,서울특별시 중구 남산동2가 33 1,2층,1,2023-02-28 11:06,198607.6709,450770.8299,,,,,,,,,,,,,,,
3010000,3010000-201-2017-00012,영업/정상,430.17,100803,서울특별시 중구 남대문로5가 575번지 1~5층 ,서울특별시 중구 후암로60길 11 (남대문로5가,4637,35:49.0,197616.9273,450266.2638,,,,,,,,,,,,,,,
3010000,3010000-201-2017-00013,영업/정상,1,191.64,100860,서울특별시 중구 충무로2가 11-1번지 선샤인빌딩 7층,서울특별시 중구 명동8가길 27 (충무로2가,명동 선샤인 게스트하우스,198737.5538,451081.8946,0,0,N,,,,,,,,,,,,
3010000,3010000-201-2017-00014,폐업,268.82,100809,서울특별시 중구 명동2가 2-21 2층,서울특별시 중구 명동10길 19-27 (명동2가,4537,03:00.0,일반호텔,198678.7743,,,,,,,,,,,,,,,
3010000,3010000-201-2017-00015,영업/정상,484.82,100861,서울특별시 중구 충무로2가 66-9번지 4~5층 ,서울특별시 중구 명동8가길 7 (충무로2가,4536,59:59.0,198640.6596,451053.3799,,,,,,,,,,,,,,,
3010000,3010000-201-2017-00016,폐업,832.9,100809,서울특별시 중구 명동2가 25-26 2~6층 ,서울특별시 중구 명동10길 35-9 (명동2가,4537,40:00.0,일반호텔,198677.2939,,,,,,,,,,,,,,,
3010000,3010000-201-2017-00017,영업/정상,172.23,100412,서울특별시 중구 광희동2가 163-2번지 1,2층 ,1,2018-11-13 11:29,200758.9947,451302.331,0,N,,,,,,,,,,,,,
3010000,3010000-201-2017-00018,폐업,270.91,100080,서울특별시 중구 북창동 19-3 2~5층,서울특별시 중구 남대문로1길 37 (북창동,4526,03:00.0,일반호텔,197913.8058,,,,,,,,,,,,,,,
3010000,3010000-201-2017-00019,폐업,328.34,100080,서울특별시 중구 북창동 19-3 (외 2필지) 2~3층,서울특별시 중구 남대문로1길 37 (북창동,4526,03:00.0,일반호텔,197913.8058,,,,,,,,,,,,,,,
3010000,3010000-201-2017-00020,영업/정상,658.07,100250,서울특별시 중구 예장동 1-43 1층, 2층,서울특별시 중구 필동로8길 77 (예장동,4626,199329.7852,450473.2728,0,0,0,N,,,,,,,,,,,
3010000,3010000-201-2017-00021,영업/정상,895.08,100031,서울특별시 중구 저동1가 28-3번지 ,서울특별시 중구 삼일대로9길 2-1 (저동1가),이화호텔,일반호텔,198850.2921,451274.5891,,,,,,,,,,,,,,,
3010000,3010000-201-2017-00022,영업/정상,499.2,100861,서울특별시 중구 충무로2가 61-2 5~7층,서울특별시 중구 명동8가길 52 (충무로2가,4537,01:00.0,198866.5881,451052.3163,,,,,,,,,,,,,,,
3010000,3010000-201-2017-00023,영업/정상,2,119.74,100197,서울특별시 중구 을지로7가 105번지 에이피엠플레이스 11,서울특별시 중구 을지로 276 (을지로7가,에이피엠 레지던스,200673.0115,451443.2799,0,0,N,,,,,,,,,,,,
3010000,3010000-201-2017-00025,영업/정상,2,896.86,100400,서울특별시 중구 쌍림동 155-1번지 호텔더디자이너스디디피 , 호텔더디자이너스디디피),I,200292.6583,451281.027,N,,,,,,,,,,,,,,
3010000,3010000-201-2018-00001,영업/정상,175.79,100810,서울특별시 중구 명동2가 53-11 4층,서울특별시 중구 명동4길 31,4536,02:00.0,198524.1716,451104.4005,,,,,,,,,,,,,,,
3010000,3010000-201-2018-00002,영업/정상,4,303.56,100080,서울특별시 중구 북창동 12-1번지 호텔 토마스 명동 , 호텔 토마스 명동 (북창동),I,198018.6799,451207.7298,N,,,,,,,,,,,,,,
3010000,3010000-201-2018-00003,영업/정상,5,464.26,100260,서울특별시 중구 남학동 13-2 지하2층~14층 , 지하2층~14층 (남학동),U,199161.1131,450949.2339,N,,,,,,,,,,,,,,
3010000,3010000-201-2018-00004,영업/정상,484.97,100-042,서울특별시 중구 남산동2가 27-12,서울특별시 중구 퇴계로20길 32-10 (남산동2가),호텔 룩홈(Look Home),숙박업 기타,198676.5104,450673.848,,,,,,,,,,,,,,,
3010000,3010000-201-2018-00005,영업/정상,1,729.22,100862,서울특별시 중구 충무로4가 131-6번지 6~10층 , 6~10층 (충무로4가),I,199498.592,451071.935,N,,,,,,,,,,,,,,
3010000,3010000-201-2018-00006,영업/정상,540.08,100845,서울특별시 중구 을지로2가 199-40 명동아르누보센텀 405호, 408~414호, 명동아르누보센텀 405호,2022-11-01 10:30,198505.1408,451381.1131,,,,,,,,,,,,,,,
3010000,3010000-201-2018-00007,영업/정상,24,504.67,100196,서울특별시 중구 을지로6가 58-5 ,4561,40:00.0,200314.647,451554.0669,,,,,,,,,,,,,,,
3010000,3010000-201-2018-00008,영업/정상,14,580.64,100874,서울특별시 중구 회현동1가 194-19 AK타워 B동 9층-24층 , AK타워 B동 9층-24층 (회현동1가),U,198107.3055,450816.419,N,,,,,,,,,,,,,,
3010000,3010000-201-2018-00009,영업/정상,11,132.14,100094,서울특별시 중구 남대문로4가 17-19,4526,02:00.0,197895.4912,451035.703,,,,,,,,,,,,,,,
3010000,3010000-201-2018-00010,영업/정상,142.8,100412,서울특별시 중구 광희동2가 228,서울특별시 중구 장충단로10길 27 (광희동2가),르릿,숙박업 기타,200686.3647,451262.1614,,,,,,,,,,,,,,,
3010000,3010000-201-2018-00011,폐업,321.36,100080,서울특별시 중구 북창동 20-1 3-4층 ,서울특별시 중구 남대문로1길 31,4526,40:00.0,일반호텔,197920.237,,,,,,,,,,,,,,,
3010000,3010000-201-2018-00012,영업/정상,4,699.22,100412,서울특별시 중구 광희동2가 14-1번지 2층-19층 , 2층-19층 (광희동2가),U,200625.5246,451359.9061,N,,,,,,,,,,,,,,
3010000,3010000-201-2018-00013,영업/정상,1,570.56,100809,서울특별시 중구 명동2가 22번지 ,4537,40:00.0,198690.3303,451150.1162,,,,,,,,,,,,,,,
3010000,3010000-201-2019-00001,영업/정상,349.3,100845,서울특별시 중구 을지로2가 199-40 명동아르누보센텀,서울특별시 중구 명동7길 21,4534,09:00.0,198505.1408,451381.1131,,,,,,,,,,,,,,,
3010000,3010000-201-2019-00002,영업/정상,395.14,100809,서울특별시 중구 명동2가 4-2,서울특별시 중구 명동10길 35-20,5층 (명동2가),U,00:00.0,여관업,,,,,,,,,,,,,,,
3010000,3010000-201-2019-00003,영업/정상,607.64,100042,서울특별시 중구 남산동2가 18-6번지 ,서울특별시 중구 퇴계로20길 35,4629,21:20.0,198730.3971,450725.5631,,,,,,,,,,,,,,,
3010000,3010000-201-2019-00004,폐업,3713.82,100-011,서울특별시 중구 충무로1가 24-1 밀레오레 명동,서울특별시 중구 퇴계로 115 (충무로1가),stx 명동호텔,일반호텔,450975.1164,,,,,,,,,,,,,,,,
3010000,3010000-201-2019-00005,폐업,420.88,100042,서울특별시 중구 남산동2가 43-7 ,서울특별시 중구 소공로6길 38,4630,40:00.0,198614.5502,450677.0473,,,,,,,,,,,,,,,
3010000,3010000-201-2019-00006,폐업,401.27,100-011,서울특별시 중구 충무로1가 24-1 밀레오레 명동,서울특별시 중구 퇴계로 115,4536,03:00.0,198562.6327,450975.1164,,,,,,,,,,,,,,,
3010000,3010000-201-2019-00007,영업/정상,416.44,100-021,서울특별시 중구 명동1가 7-1,서울특별시 중구 명동길 55,4538,05:00.0,198636.1421,451325.2298,,,,,,,,,,,,,,,
3010000,3010000-201-2019-00008,영업/정상,610.66,100-042,서울특별시 중구 남산동2가 35-2,서울특별시 중구 퇴계로18길 43, 1~2층 (남산동2가),U,198591.1337,450740.3532,,,,,,,,,,,,,,,
3010000,3010000-201-2019-00009,영업/정상,2,170.26,100845,서울특별시 중구 을지로2가 199-13번지 4~9층 , 4~9층 (을지로2가),U,198493.6591,451451.4785,N,,,,,,,,,,,,,,
3010000,3010000-201-2019-00010,영업/정상,4,22.27,100809,서울특별시 중구 명동2가 33-1 4~13층 , 4~13층 (명동2가),U,198606.5951,451266.2808,N,,,,,,,,,,,,,,
3010000,3010000-201-2019-00011,영업/정상,354.66,100851,서울특별시 중구 을지로6가 18-130번지 10층 ,서울특별시 중구 을지로 255,4564,40:00.0,200513.5245,451579.0998,,,,,,,,,,,,,,,
3010000,3010000-201-2019-00012,영업/정상,214.5,100011,서울특별시 중구 충무로1가 22-4번지 6층 ,서울특별시 중구 명동8나길 18,4536,23:35.0,198517.053,451032.0069,,,,,,,,,,,,,,,
3010000,3010000-201-2019-00013,영업/정상,5,152.48,100011,서울특별시 중구 충무로1가 24-1 밀레오레 명동, 4-17층 (충무로1가),U,198562.6327,450975.1164,,,,,,,,,,,,,,,
3010000,3010000-201-2019-00014,영업/정상,8,871.73,100195,서울특별시 중구 을지로5가 92-2 ,4561,40:00.0,200187.2714,451592.1581,,,,,,,,,,,,,,,
3010000,3010000-201-2020-00001,영업/정상,1,578.72,100411,서울특별시 중구 광희동1가 263-2번지 B동 2-12층 , B동 2-12층 (광희동1가),I,200330.9741,451373.1594,N,,,,,,,,,,,,,,
3010000,3010000-201-2020-00002,영업/정상,165.9,100411,서울특별시 중구 광희동1가 193 ,서울특별시 중구 장충단로 225,4561,40:00.0,200547.6397,451402.8925,,,,,,,,,,,,,,,
3010000,3010000-201-2020-00003,영업/정상,5,957.92,100180,서울특별시 중구 다동 130 ,4522,23:13.0,198260.8807,451708.9092,,,,,,,,,,,,,,,
3010000,3010000-201-2020-00004,영업/정상,796.37,100-858,서울특별시 중구 중림동 128-40,서울특별시 중구 청파로 431 (중림동),랑 호텔(RANG Hotel),숙박업 기타,197199.9838,450649.1078,,,,,,,,,,,,,,,
3010000,3010000-201-2020-00005,영업/정상,20,569.5,100032,서울특별시 중구 저동2가 89 , 지하3~지상26층 (저동2가),U,199002.2556,451492.2078,N,,,,,,,,,,,,,,
3010000,3010000-201-2021-00001,영업/정상,363.57,100013,서울특별시 중구 충무로3가 26-2 ,서울특별시 중구 수표로6길 33,4555,40:00.0,199245.2648,451184.7897,,,,,,,,,,,,,,,
3010000,3010000-201-2021-00002,영업/정상,608.59,100411,서울특별시 중구 광희동1가 182-30,서울특별시 중구 을지로44길 17-7,4561,07:00.0,200540.4913,451440.6143,,,,,,,,,,,,,,,
3010000,3010000-201-2021-00003,영업/정상,420.88,100042,서울특별시 중구 남산동2가 43-7 ,서울특별시 중구 소공로6길 38,4630,22:54.0,198614.5502,450677.0473,,,,,,,,,,,,,,,
3010000,3010000-201-2021-00004,영업/정상,570,100860,서울특별시 중구 충무로2가 12-27 ,서울특별시 중구 명동8가길 47,5,2021-07-06 13:24,198841.349,451075.9012,0,N,,,,,,,,,,,,,
3010000,3010000-201-2021-00005,영업/정상,2,597.18,100860,서울특별시 중구 충무로2가 12-5 , 지하1~8층 (충무로2가),U,198898.282,451082.8393,N,,,,,,,,,,,,,,
3010000,3010000-201-2021-00006,영업/정상,7,114.16,100195,서울특별시 중구 을지로5가 19-29 ,4546,22:47.0,200095.7259,451681.0371,,,,,,,,,,,,,,,
3010000,3010000-201-2021-00007,영업/정상,227.17,100041,서울특별시 중구 남산동1가 16-2 ,서울특별시 중구 소공로6길 13-8 (남산동1가),더로드(The Road),숙박업 기타,198516.0741,450736.3608,,,,,,,,,,,,,,,
3010000,3010000-201-2021-00008,영업/정상,8,654.92,100092,서울특별시 중구 남대문로2가 9-1 , 9층~18층 (남대문로2가),I,198401.7013,451374.3122,N,,,,,,,,,,,,,,
3010000,3010000-201-2021-00009,영업/정상,832.9,100-809,서울특별시 중구 명동2가 25-26,서울특별시 중구 명동10길 35-9,4537,05:00.0,198677.2939,451128.6348,,,,,,,,,,,,,,,
3010000,3010000-201-2022-00001,영업/정상,14,108.13,100011,서울특별시 중구 충무로1가 24-1, 3층~17층 (충무로1가),U,198562.6327,450975.1164,,,,,,,,,,,,,,,
3010000,3010000-201-2022-00002,영업/정상,212.22,100876,서울특별시 중구 회현동2가 42-10,서울특별시 중구 소공로6나길 8,2층 (회현동2가),I,198483.8116,450642.3149,,,,,,,,,,,,,,,
3010000,3010000-201-2022-00003,영업/정상,230.02,100310,서울특별시 중구 오장동 139-6,서울특별시 중구 동호로 339,3층 (오장동),U,200119.8394,451387.3212,,,,,,,,,,,,,,,
3010000,3010000-201-2022-00004,영업/정상,9,838.83,100866,서울특별시 중구 필동1가 44-1, 지하4층~지상19층 (필동1가),I,199303.8896,451060.843,,,,,,,,,,,,,,,
3010000,3010000-201-2022-00005,영업/정상,11,212.43,100011,서울특별시 중구 충무로1가 21-17,4535,07:00.0,198403.0832,451049.0124,,,,,,,,,,,,,,,
3010000,3010000-201-2022-00006,영업/정상,20,543.53,100011,서울특별시 중구 충무로1가 21-17,4535,07:00.0,198403.0832,451049.0124,,,,,,,,,,,,,,,
3010000,3010000-201-2023-00001,영업/정상,2559.05,100-080,서울특별시 중구 북창동 13-2,서울특별시 중구 남대문로1길 56,4526,02:00.0,197965.0735,451239.6468,,,,,,,,,,,,,,,
3010000,3010000-201-2023-00002,영업/정상,537.5,100-281,서울특별시 중구 인현동1가 94-1,서울특별시 중구 마른내로 53,4549,09:00.0,199396.1834,451351.5857,,,,,,,,,,,,,,,
3010000,3010000-201-2023-00003,영업/정상,394.32,100-862,서울특별시 중구 충무로4가 148-1,서울특별시 중구 퇴계로37길 14,4557,05:00.0,199397.0138,451070.7637,,,,,,,,,,,,,,,
3010000,3010000-201-2023-00004,영업/정상,349.92,100-862,서울특별시 중구 충무로4가 148-1,서울특별시 중구 퇴계로37길 14,4557,05:00.0,199397.0138,451070.7637,,,,,,,,,,,,,,,
3010000,3010000-201-2023-00005,영업/정상,394.32,100-862,서울특별시 중구 충무로4가 148-1,서울특별시 중구 퇴계로37길 14,4557,05:00.0,199397.0138,451070.7637,,,,,,,,,,,,,,,
3010000,3010000-201-2023-00006,영업/정상,2280,100-101,서울특별시 중구 태평로1가 61-1,서울특별시 중구 세종대로 135,4519,02:00.0,197867.1566,451779.8809,,,,,,,,,,,,,,,
3010000,3010000-201-2023-00007,영업/정상,30.24,100-863,서울특별시 중구 충무로4가 127-8,서울특별시 중구 충무로2길 42,4557,03:00.0,199531.4158,451105.7387,,,,,,,,,,,,,,,
3010000,3010000-201-2023-00008,영업/정상,1222.7,100-101,서울특별시 중구 태평로1가 31-28,서울특별시 중구 무교로 17-27,4520,02:00.0,198012.1782,451664.0602,,,,,,,,,,,,,,,
3010000,3010000-201-2023-00009,영업/정상,3724.37,100-412,서울특별시 중구 광희동2가 73,서울특별시 중구 퇴계로 337,4565,05:00.0,200721.9771,451377.4062,,,,,,,,,,,,,,,
3010000,3010000-214-2003-00001,영업/정상,406.64,100871,서울특별시 중구 황학동 1591,서울특별시 중구 난계로15길 10 (황학동),우성빌,숙박업(생활),201980.0741,451845.4607,,,,,,,,,,,,,,,
3010000,3010000-214-2012-00001,폐업,482.88,100859,서울특별시 중구 중림동 355 브라운스톤서울 35층,서울특별시 중구 청파로 464, 브라운스톤서울),U,08:00.0,숙박업(생활),,,,,,,,,,,,,,,
3010000,3010000-214-2015-00001,영업/정상,417.13,100871,서울특별시 중구 황학동 2143번지 2~7층 ,서울특별시 중구 난계로23길 11 (황학동,4573,59:59.0,201949.3904,452008.3631,,,,,,,,,,,,,,,
3010000,3010000-214-2015-00002,폐업,639.52,100871,서울특별시 중구 황학동 1651번지 2~8층,10층 , 2~8층,2018-04-16 16:11,59:59.0,숙박업(생활),0,N,,,,,,,,,,,,,
3010000,3010000-214-2016-00001,영업/정상,1261.96,100-015,서울특별시 중구 충무로5가 19-5,서울특별시 중구 퇴계로 245,4559,00:00.0,199847.3665,451150.4109,,,,,,,,,,,,,,,
3010000,3010000-214-2016-00002,영업/정상,7224.48,100-015,서울특별시 중구 충무로5가 22-5 현대프레스타워 5~15층,서울특별시 중구 마른내로12길 7-4 (충무로5가,4559,00:00.0,199995.9462,451285.6007,,,,,,,,,,,,,,,
3010000,3010000-214-2017-00001,폐업,79.94,100871,서울특별시 중구 황학동 1651번지 9층 ,서울특별시 중구 난계로17길 20-10 (황학동,4573,59:59.0,201922.6089,451945.3636,,,,,,,,,,,,,,,
3010000,3010000-214-2018-00001,영업/정상,19,995.98,100196,서울특별시 중구 을지로6가 58-5 ,4561,40:00.0,200314.647,451554.0669,,,,,,,,,,,,,,,
3010000,3010000-214-2018-00002,영업/정상,675.6,100871,서울특별시 중구 황학동 1776 ,서울특별시 중구 난계로21길 63 (황학동),빅 스테이,숙박업(생활),201728.2425,452007.8334,,,,,,,,,,,,,,,
3010000,3010000-214-2019-00001,영업/정상,219.68,100290,서울특별시 중구 예관동 70-19번지 충무빌딩 ,서울특별시 중구 퇴계로45길 23,4559,21:51.0,199828.3826,451249.5741,,,,,,,,,,,,,,,
3010000,3010000-214-2019-00002,폐업,228,100860,서울특별시 중구 충무로2가 12-27 ,서울특별시 중구 명동8가길 47,4537,40:00.0,198841.349,451075.9012,,,,,,,,,,,,,,,
3010000,3010000-214-2019-00003,영업/정상,18,344.01,100130,서울특별시 중구 순화동 151 ,4511,40:00.0,197462.1988,450878.2118,,,,,,,,,,,,,,,
3010000,3010000-214-2019-00004,영업/정상,131.44,100400,서울특별시 중구 쌍림동 3-1번지 3~6층 ,서울특별시 중구 퇴계로 301,4560,40:00.0,200385.9858,451300.0891,,,,,,,,,,,,,,,
3010000,3010000-214-2020-00001,영업/정상,117.02,100803,서울특별시 중구 남대문로5가 624,서울특별시 중구 후암로58길 21,4층 (남대문로5가),U,07:00.0,숙박업(생활),,,,,,,,,,,,,,,
3010000,3010000-214-2020-00002,영업/정상,112.32,100871,서울특별시 중구 황학동 1529 ,서울특별시 중구 난계로17길 30-15,4573,23:12.0,201827.3341,451956.2308,,,,,,,,,,,,,,,
3010000,3010000-214-2020-00003,폐업,58.51,100803,서울특별시 중구 남대문로5가 624,서울특별시 중구 후암로58길 21,4637,05:00.0,197716.2333,450231.2762,,,,,,,,,,,,,,,
3010000,3010000-214-2021-00001,영업/정상,1350.84,100-281,서울특별시 중구 인현동1가 158,서울특별시 중구 충무로 24,4556,00:00.0,199345.4661,451233.3698,,,,,,,,,,,,,,,
3010000,3010000-214-2021-00002,영업/정상,654.42,100-281,서울특별시 중구 인현동1가 158,서울특별시 중구 충무로 24 (인현동1가),더쉐어(The Share),숙박업(생활),199345.4661,451233.3698,,,,,,,,,,,,,,,
3010000,3010000-214-2021-00003,영업/정상,699.36,100-281,서울특별시 중구 인현동1가 158,서울특별시 중구 충무로 24, 6~10,2023-09-05 11:21,U,07:00.0,,,,,,,,,,,,,,,
3010000,3010000-214-2021-00004,영업/정상,837.79,100-281,서울특별시 중구 인현동1가 158,서울특별시 중구 충무로 24 (인현동1가),쉼,07:00.0,199345.4661,451233.3698,,,,,,,,,,,,,,,
3010000,3010000-214-2021-00005,영업/정상,482.44,100-080,서울특별시 중구 북창동 120-2,서울특별시 중구 남대문로1길 14,4526,00:00.0,197955.2366,451040.2211,,,,,,,,,,,,,,,
3010000,3010000-214-2021-00006,영업/정상,444.72,100-846,서울특별시 중구 을지로3가 5-14,서울특별시 중구 충무로9길 41,4543,00:00.0,199055.0296,451604.6814,,,,,,,,,,,,,,,
3010000,3010000-214-2022-00001,영업/정상,6689.45,100-014,서울특별시 중구 충무로4가 334,서울특별시 중구 창경궁로1길 14,4558,00:00.0,199711.2056,451182.2241,,,,,,,,,,,,,,,
3010000,3010000-214-2022-00002,영업/정상,599.71,100-281,서울특별시 중구 인현동1가 158,서울특별시 중구 충무로 24, 15층~17층 (인현동1가),U,07:00.0,숙박업(생활),,,,,,,,,,,,,,,
3010000,3010000-214-2022-00003,영업/정상,367.7,100-864,서울특별시 중구 태평로2가 68-6,서울특별시 중구 남대문로1길 43,4526,00:00.0,197916.1729,451198.4543,,,,,,,,,,,,,,,
3010000,3010000-214-2023-00001,영업/정상,1331.36,100-310,서울특별시 중구 오장동 139-1,서울특별시 중구 동호로 347,4547,00:00.0,200112.1273,451452.2852,,,,,,,,,,,,,,,
3010000,3010000-214-2023-00002,영업/정상,2808.85,100-093,서울특별시 중구 남대문로3가 94,서울특별시 중구 남대문로 27 (남대문로3가),더스테이클래식호텔,숙박업(생활),198037.3385,451010.5466,,,,,,,,,,,,,,,
3010000,3010000-214-2023-00003,영업/정상,4106.12,100-866,서울특별시 중구 필동1가 43-1,서울특별시 중구 충무로 3,4554,05:00.0,199297.8766,451025.5166,,,,,,,,,,,,,,,
3010000,3010000-214-2023-00004,영업/정상,2386.42,100-866,서울특별시 중구 필동1가 43-1,서울특별시 중구 충무로 3,4554,05:00.0,199297.8766,451025.5166,,,,,,,,,,,,,,,
3010000,3010000-214-2023-00005,영업/정상,650.93,100-400,서울특별시 중구 쌍림동 25-16,서울특별시 중구 퇴계로53길 8,4560,05:00.0,200281.8717,451298.4582,,,,,,,,,,,,,,,
3010000,3010000-214-2023-00006,영업/정상,335.14,100-860,서울특별시 중구 충무로2가 12-8,서울특별시 중구 명동8가길 51,3,2023-08-18 20:17,U,00:00.0,,,,,,,,,,,,,,,
3010000,3010000-214-2023-00007,영업/정상,428.89,100-197,서울특별시 중구 을지로7가 81-2,서울특별시 중구 퇴계로63길 10,4565,00:00.0,200698.7749,451404.813,,,,,,,,,,,,,,,
3010000,3010000-214-2023-00008,영업/정상,33.6,100-197,서울특별시 중구 을지로7가 52,서울특별시 중구 퇴계로67길 13-2,4565,04:00.0,200735.5259,451431.5483,,,,,,,,,,,,,,,
